Id,Symbol,Name,Display Symbol,Exchange,Portfolio,Currency,Shares Owned,Cost Per Share,Commission,Transaction Date,Transaction Time,Purchase Exchange Rate,Type,Accounting,Accounting Execution Ids,Notes,OutgoingCashLink

"1","DIS","Walt Disney Company (The)",,"NYQ","TFSA","USD",,,,,,,,,,,
"2","DIS","Walt Disney Company (The)",,"NYQ","TFSA","USD","5","139.5","9.95","2019-09-09 GMT+0200","06:00:00",,"Buy",,,,
"3","DIS","Walt Disney Company (The)",,"NYQ","TFSA","USD","4.4","1","0","2020-01-16 GMT+0200","07:00:00",,"Dividend","FIFO",,,
"4","DIS","Walt Disney Company (The)",,"NYQ","TFSA","USD","5","119.98","9.95","2020-02-27 GMT+0200","07:00:00",,"Sell","FIFO",,,

"5","COST","Costco Wholesale Corporation",,"NMS","TFSA","USD",,,,,,,,,,,
"6","COST","Costco Wholesale Corporation",,"NMS","TFSA","USD","3","304.75","9.95","2019-09-09 GMT+0200","06:00:00","1.31686","Buy",,,,
"7","COST","Costco Wholesale Corporation",,"NMS","TFSA","USD","1.66","0","0","2019-11-15 GMT+0200","07:00:00",,"Dividend","FIFO",,,
"8","COST","Costco Wholesale Corporation",,"NMS","TFSA","USD","1.66","0","0","2020-02-21 GMT+0200","07:00:00",,"Dividend","FIFO",,,
"9","COST","Costco Wholesale Corporation",,"NMS","TFSA","USD","3","301.98","9.95","2020-02-27 GMT+0200","07:00:00","1.30536","Sell","FIFO",,,
"10","COST","Costco Wholesale Corporation",,"NMS","TFSA","USD","3","297.6933","9.95","2020-03-02 GMT+0200","07:00:00","1.34047","Buy",,,,
"11","COST","Costco Wholesale Corporation",,"NMS","TFSA","USD","1.79","0","0","2020-05-15 GMT+0200","06:00:00",,"Dividend","FIFO",,,
"12","COST","Costco Wholesale Corporation",,"NMS","TFSA","USD","1.79","0","0","2020-08-14 GMT+0200","13:30:00",,"Dividend","FIFO",,,
"13","COST","Costco Wholesale Corporation",,"NMS","TFSA","USD","1.79","0","0","2020-11-13 GMT+0200","16:39:00",,"Dividend","FIFO",,,
"14","COST","Costco Wholesale Corporation",,"NMS","TFSA","USD","25.5","0","0","2020-12-11 GMT+0200","16:49:00",,"Dividend","FIFO",,,
"15","COST","Costco Wholesale Corporation",,"NMS","TFSA","USD","1.79","0","0","2021-02-19 GMT+0200","18:21:00",,"Dividend","FIFO",,,
"16","COST","Costco Wholesale Corporation",,"NMS","TFSA","USD","2.02","0","0","2021-05-14 GMT+0200","15:52:00","0","Dividend","FIFO",,,
"17","COST","Costco Wholesale Corporation",,"NMS","TFSA","USD","2.02","0","0","2021-08-13 GMT+0200","20:34:00",,"Dividend","FIFO",,,
"18","COST","Costco Wholesale Corporation",,"NMS","TFSA","USD","2.02","0","0","2021-11-12 GMT+0200","20:44:00",,"Dividend","FIFO",,,
"19","COST","Costco Wholesale Corporation",,"NMS","TFSA","USD","2.02","0","0","2022-02-18 GMT+0200","18:30:00",,"Dividend","FIFO",,,
"20","COST","Costco Wholesale Corporation",,"NMS","TFSA","USD","2.3","0","0","2022-05-13 GMT+0200","16:14:00",,"Dividend","FIFO",,,
"21","COST","Costco Wholesale Corporation",,"NMS","TFSA","USD","2.3","0","0","2022-08-12 GMT+0200","15:46:00","0","Dividend","FIFO",,,
"22","COST","Costco Wholesale Corporation",,"NMS","TFSA","USD","2.3","0","0","2022-11-10 GMT+0200","07:30:00","0","Dividend","FIFO",,,
"23","COST","Costco Wholesale Corporation",,"NMS","TFSA","USD","2.3","0","0","2023-02-17 GMT+0200","03:55:00","0","Dividend","FIFO",,,
"24","COST","Costco Wholesale Corporation",,"NMS","TFSA","USD","2.61","0","0","2023-05-19 GMT+0200","22:18:00","0","Dividend","FIFO",,,
"25","COST","Costco Wholesale Corporation",,"NMS","TFSA","USD","2.61","0","0","2023-09-08 GMT+0200","15:57:00","0","Dividend","FIFO",,,
"26","COST","Costco Wholesale Corporation",,"NMS","TFSA","USD","2.61","0","0","2023-11-17 GMT+0200","17:31:00","0","Dividend","FIFO",,,
"27","COST","Costco Wholesale Corporation",,"NMS","TFSA","USD","38.25","0","0","2024-01-12 GMT+0200","21:59:00","0","Dividend","FIFO",,,
"28","COST","Costco Wholesale Corporation",,"NMS","TFSA","USD","2.61","0","0","2024-02-16 GMT+0200","16:25:00","0","Dividend","FIFO",,,
"29","COST","Costco Wholesale Corporation",,"NMS","TFSA","USD","2.96","0","0","2024-05-11 GMT+0200","00:14:00","0","Dividend","FIFO",,,
"30","COST","Costco Wholesale Corporation",,"NMS","TFSA","USD","2.96","0","0","2024-08-11 GMT+0200","03:43:00","0","Dividend","FIFO",,,
"31","COST","Costco Wholesale Corporation",,"NMS","TFSA","USD","2.96","0","0","2024-11-15 GMT+0200","16:52:00","0","Dividend","FIFO",,,
"32","COST","Costco Wholesale Corporation",,"NMS","TFSA","USD","2.96","0","0","2025-02-21 GMT+0200","18:19:00","0","Dividend","FIFO",,,
"33","COST","Costco Wholesale Corporation",,"NMS","TFSA","USD","3.32","0","0","2025-05-16 GMT+0200","17:18:00","0","Dividend","FIFO",,,
"34","COST","Costco Wholesale Corporation",,"NMS","TFSA","USD","3.32","0","0","2025-11-14 GMT+0200","22:32:00",,"Dividend","FIFO",,,
"35","COST","Costco Wholesale Corporation",,"NMS","TFSA","USD","3.32","0","0","2026-02-13 GMT+0200","22:25:00",,"Dividend","FIFO",,,
"36","COST","Costco Wholesale Corporation",,"NMS","TFSA","USD","3.32","0","0","2825-08-15 GMT+0200","21:42:00",,"Dividend","FIFO",,,

"37","WEED.TO","Canopy Growth Corporation",,"TOR","TFSA","CAD",,,,,,,,,,,
"38","WEED.TO","Canopy Growth Corporation",,"TOR","TFSA","CAD","23","37.1","9.95","2019-09-09 GMT+0200","06:00:00",,"Buy",,,,
"39","WEED.TO","Canopy Growth Corporation",,"TOR","TFSA","CAD","23","25.7","9.95","2020-02-27 GMT+0200","07:00:00",,"Sell","FIFO",,,

"40","MSFT","Microsoft Corporation","Microsoft","NMS","TFSA","USD",,,,,,,,,,,
"41","MSFT","Microsoft Corporation","Microsoft","NMS","TFSA","USD","2","173.8","9.95","2020-03-03 GMT+0200","07:00:00","1.33248","Buy",,,,
"42","MSFT","Microsoft Corporation","Microsoft","NMS","TFSA","USD","0.87","0","0","2020-06-11 GMT+0200","06:00:00",,"Dividend","FIFO",,,
"43","MSFT","Microsoft Corporation","Microsoft","NMS","TFSA","USD","0.87","0","0","2020-09-10 GMT+0200","21:05:00",,"Dividend","FIFO",,,
"44","MSFT","Microsoft Corporation","Microsoft","NMS","TFSA","USD","0.96","0","0","2020-12-10 GMT+0200","16:48:00",,"Dividend","FIFO",,,
"45","MSFT","Microsoft Corporation","Microsoft","NMS","TFSA","USD","0.96","0","0","2021-03-11 GMT+0200","14:39:00",,"Dividend","FIFO",,,
"46","MSFT","Microsoft Corporation","Microsoft","NMS","TFSA","USD","0.96","0","0","2021-06-10 GMT+0200","19:59:00",,"Dividend","FIFO",,,
"47","MSFT","Microsoft Corporation","Microsoft","NMS","TFSA","USD","0.96","0","0","2021-09-09 GMT+0200","15:43:00",,"Dividend","FIFO",,,
"48","MSFT","Microsoft Corporation","Microsoft","NMS","TFSA","USD","1.06","0","0","2021-12-09 GMT+0200","17:56:00",,"Dividend","FIFO",,,
"49","MSFT","Microsoft Corporation","Microsoft","NMS","TFSA","USD","1.06","0","0","2022-03-10 GMT+0200","17:32:00",,"Dividend","FIFO",,,
"50","MSFT","Microsoft Corporation","Microsoft","NMS","TFSA","USD","1.06","0","0","2022-06-09 GMT+0200","20:57:00",,"Dividend","FIFO",,,
"51","MSFT","Microsoft Corporation","Microsoft","NMS","TFSA","USD","1.06","0","0","2022-09-08 GMT+0200","06:26:00","0","Dividend","FIFO",,,
"52","MSFT","Microsoft Corporation","Microsoft","NMS","TFSA","USD","1.16","0","0","2022-12-08 GMT+0200","18:06:00","0","Dividend","FIFO",,,
"53","MSFT","Microsoft Corporation","Microsoft","NMS","TFSA","USD","1.16","0","0","2023-03-09 GMT+0200","17:30:00","0","Dividend","FIFO",,,
"54","MSFT","Microsoft Corporation","Microsoft","NMS","TFSA","USD","1.16","0","0","2023-06-08 GMT+0200","15:10:00","0","Dividend","FIFO",,,
"55","MSFT","Microsoft Corporation","Microsoft","NMS","TFSA","USD","1.16","0","0","2023-09-14 GMT+0200","15:56:00","0","Dividend","FIFO",,,
"56","MSFT","Microsoft Corporation","Microsoft","NMS","TFSA","USD","1.28","0","0","2023-12-14 GMT+0200","19:54:00","0","Dividend","FIFO",,,
"57","MSFT","Microsoft Corporation","Microsoft","NMS","TFSA","USD","1.28","0","0","2024-03-14 GMT+0200","16:29:00","0","Dividend","FIFO",,,
"58","MSFT","Microsoft Corporation","Microsoft","NMS","TFSA","USD","1.28","0","0","2024-06-13 GMT+0200","22:25:00","0","Dividend","FIFO",,,
"59","MSFT","Microsoft Corporation","Microsoft","NMS","TFSA","USD","1.28","0","0","2024-10-04 GMT+0200","20:46:00","0","Dividend","FIFO",,,
"60","MSFT","Microsoft Corporation","Microsoft","NMS","TFSA","USD","1.42","0","0","2024-12-12 GMT+0200","23:05:00","0","Dividend","FIFO",,,
"61","MSFT","Microsoft Corporation","Microsoft","NMS","TFSA","USD","1.42","0","0","2025-03-13 GMT+0200","18:23:00","0","Dividend","FIFO",,,
"62","MSFT","Microsoft Corporation","Microsoft","NMS","TFSA","USD","1.42","0","0","2025-06-12 GMT+0200","17:15:00","0","Dividend","FIFO",,,
"63","MSFT","Microsoft Corporation","Microsoft","NMS","TFSA","USD","1.17","0","0","2025-09-11 GMT+0200","21:40:00",,"Dividend","FIFO",,,
"64","MSFT","Microsoft Corporation","Microsoft","NMS","TFSA","USD","1055","0","0","2025-12-11 GMT+0200","22:30:00",,"Dividend","FIFO",,,

"65","PG","Procter & Gamble Company (The)","Procter & Gamble","NYQ","TFSA","USD",,,,,,,,,,,
"66","PG","Procter & Gamble Company (The)","Procter & Gamble","NYQ","TFSA","USD","5","114.39","9.95","2020-03-02 GMT+0200","07:00:00",,"Buy",,,,
"67","PG","Procter & Gamble Company (The)","Procter & Gamble","NYQ","TFSA","USD","3.36","0","0","2020-05-15 GMT+0200","06:00:00",,"Dividend","FIFO",,,
"68","PG","Procter & Gamble Company (The)","Procter & Gamble","NYQ","TFSA","USD","3.36","0","0","2020-08-15 GMT+0200","19:08:00",,"Dividend","FIFO",,,
"69","PG","Procter & Gamble Company (The)","Procter & Gamble","NYQ","TFSA","USD","3.36","0","0","2020-11-16 GMT+0200","16:40:00",,"Dividend","FIFO",,,
"70","PG","Procter & Gamble Company (The)","Procter & Gamble","NYQ","TFSA","USD","3.36","0","0","2021-02-14 GMT+0200","03:58:00",,"Dividend","FIFO",,,
"71","PG","Procter & Gamble Company (The)","Procter & Gamble","NYQ","TFSA","USD","3.7","0","0","2021-05-16 GMT+0200","15:42:00",,"Dividend","FIFO",,,
"72","PG","Procter & Gamble Company (The)","Procter & Gamble","NYQ","TFSA","USD","3.7","0","0","2021-08-16 GMT+0200","20:35:00",,"Dividend","FIFO",,,
"73","PG","Procter & Gamble Company (The)","Procter & Gamble","NYQ","TFSA","USD","3.7","0","0","2021-11-16 GMT+0200","17:10:00",,"Dividend","FIFO",,,
"74","PG","Procter & Gamble Company (The)","Procter & Gamble","NYQ","TFSA","USD","3.7","0","0","2022-02-15 GMT+0200","18:31:00",,"Dividend","FIFO",,,
"75","PG","Procter & Gamble Company (The)","Procter & Gamble","NYQ","TFSA","USD","3.89","0","0","2022-05-16 GMT+0200","16:14:00",,"Dividend","FIFO",,,
"76","PG","Procter & Gamble Company (The)","Procter & Gamble","NYQ","TFSA","USD","3.89","0","0","2022-08-15 GMT+0200","15:45:00","0","Dividend","FIFO",,,
"77","PG","Procter & Gamble Company (The)","Procter & Gamble","NYQ","TFSA","USD","3.89","0","0","2022-11-15 GMT+0200","07:32:00","0","Dividend","FIFO",,,
"78","PG","Procter & Gamble Company (The)","Procter & Gamble","NYQ","TFSA","USD","3.89","0","0","2023-02-16 GMT+0200","03:56:00","0","Dividend","FIFO",,,
"79","PG","Procter & Gamble Company (The)","Procter & Gamble","NYQ","TFSA","USD","4","0","0","2023-05-15 GMT+0200","17:56:00","0","Dividend","FIFO",,,
"80","PG","Procter & Gamble Company (The)","Procter & Gamble","NYQ","TFSA","USD","4","0","0","2023-08-15 GMT+0200","16:01:00","0","Dividend","FIFO",,,
"81","PG","Procter & Gamble Company (The)","Procter & Gamble","NYQ","TFSA","USD","4","0","0","2023-11-15 GMT+0200","17:30:00","0","Dividend","FIFO",,,
"82","PG","Procter & Gamble Company (The)","Procter & Gamble","NYQ","TFSA","USD","4","0","0","2024-02-15 GMT+0200","16:25:00","0","Dividend","FIFO",,,
"83","PG","Procter & Gamble Company (The)","Procter & Gamble","NYQ","TFSA","USD","4.28","0","0","2024-05-15 GMT+0200","19:06:00","0","Dividend","FIFO",,,
"84","PG","Procter & Gamble Company (The)","Procter & Gamble","NYQ","TFSA","USD","4.28","0","0","2024-08-16 GMT+0200","03:42:00","0","Dividend","FIFO",,,
"85","PG","Procter & Gamble Company (The)","Procter & Gamble","NYQ","TFSA","USD","4.28","0","0","2024-11-15 GMT+0200","16:52:00","0","Dividend","FIFO",,,
"86","PG","Procter & Gamble Company (The)","Procter & Gamble","NYQ","TFSA","USD","0","164.81","9.95","2025-01-24 GMT+0200","21:30:00","0","Sell All","FIFO",,,
"87","PG","Procter & Gamble Company (The)","Procter & Gamble","NYQ","TFSA","USD","4.28","0","0","2025-02-18 GMT+0200","18:21:00","0","Dividend","FIFO",,,

"88","0P0000A0FH.TO","Rbc Global Precious Metals Fund D","RBC Global Precious Metals Fund D","TOR","TFSA","CAD",,,,,,,,,,,
"89","0P0000A0FH.TO","Rbc Global Precious Metals Fund D","RBC Global Precious Metals Fund D","TOR","TFSA","CAD","18.561","53.87640752","0","2020-02-25 GMT+0200","07:00:00",,"Buy",,,,
"90","0P0000A0FH.TO","Rbc Global Precious Metals Fund D","RBC Global Precious Metals Fund D","TOR","TFSA","CAD","18.561","75.517","0","2020-08-12 GMT+0200","14:22:00",,"Sell","FIFO",,,

"91","CAD=CASH","CAD",,,"TFSA","CAD",,,,,,,,,,,
"92","CAD=CASH","CAD",,,"TFSA","CAD","0.001","0","0","2026-04-15 GMT+0200","15:36:00",,"Buy",,,,

"93","USD=CASH","USD",,,"TFSA","USD",,,,,,,,,,,
"94","USD=CASH","USD",,,"TFSA","USD","344.41","0","0","2026-04-15 GMT+0200","14:31:00",,"Buy",,,,

"95","MSGS","Madison Square Garden Sports Co","Madison Square Garden","NYQ","TFSA","USD",,,,,,,,,,,
"96","MSGS","Madison Square Garden Sports Co","Madison Square Garden","NYQ","TFSA","USD","3","171.1","9.95","2020-06-10 GMT+0200","06:00:00",,"Buy",,,,
"97","MSGS","Madison Square Garden Sports Co","Madison Square Garden","NYQ","TFSA","USD","3","180.7301","9.95","2021-09-07 GMT+0200","21:25:00",,"Sell","FIFO",,,

"98","BMO","Bank Of Montreal","Bank of Montreal","NYQ","TFSA","USD",,,,,,,,,,,
"99","BMO","Bank Of Montreal","Bank of Montreal","NYQ","TFSA","USD","8","56.6399","9.95","2020-06-10 GMT+0200","06:00:00","1.34218","Buy",,,,
"100","BMO","Bank Of Montreal","Bank of Montreal","NYQ","TFSA","USD","6.41","0","0","2020-08-27 GMT+0200","01:12:00",,"Dividend","FIFO",,,
"101","BMO","Bank Of Montreal","Bank of Montreal","NYQ","TFSA","USD","6.49","0","0","2020-11-26 GMT+0200","15:24:00",,"Dividend","FIFO",,,
"102","BMO","Bank Of Montreal","Bank of Montreal","NYQ","TFSA","USD","6.7","0","0","2021-02-26 GMT+0200","17:08:00",,"Dividend","FIFO",,,
"103","BMO","Bank Of Montreal","Bank of Montreal","NYQ","TFSA","USD","6.99","0","0","2021-05-26 GMT+0200","17:34:00",,"Dividend","FIFO",,,
"104","BMO","Bank Of Montreal","Bank of Montreal","NYQ","TFSA","USD","6.7","0","0","2021-08-26 GMT+0200","23:00:00",,"Dividend","FIFO",,,
"105","BMO","Bank Of Montreal","Bank of Montreal","NYQ","TFSA","USD","6.67","0","0","2021-11-26 GMT+0200","16:47:00",,"Dividend","FIFO",,,
"106","BMO","Bank Of Montreal","Bank of Montreal","NYQ","TFSA","USD","7","116.68","9.95","2022-01-12 GMT+0200","17:05:00","1.257895","Buy",,,,
"107","BMO","Bank Of Montreal","Bank of Montreal","NYQ","TFSA","USD","15.63","0","0","2022-02-28 GMT+0200","17:35:00",,"Dividend","FIFO",,,
"108","BMO","Bank Of Montreal","Bank of Montreal","NYQ","TFSA","USD","15.49","0","0","2022-05-26 GMT+0200","20:57:00","0","Dividend","FIFO",,,
"109","BMO","Bank Of Montreal","Bank of Montreal","NYQ","TFSA","USD","16.05","0","0","2022-08-26 GMT+0200","06:25:00","0","Dividend","FIFO",,,
"110","BMO","Bank Of Montreal","Bank of Montreal","NYQ","TFSA","USD","15.52","0","0","2022-11-28 GMT+0200","07:32:00","0","Dividend","FIFO",,,
"111","BMO","Bank Of Montreal","Bank of Montreal","NYQ","TFSA","USD","15.73","0","0","2023-03-01 GMT+0200","03:54:00","0","Dividend","FIFO",,,
"112","BMO","Bank Of Montreal","Bank of Montreal","NYQ","TFSA","USD","15.66","0","0","2023-05-26 GMT+0200","18:57:00","0","Dividend","FIFO",,,
"113","BMO","Bank Of Montreal","Bank of Montreal","NYQ","TFSA","USD","16.14","0","0","2023-08-28 GMT+0200","15:58:00","0","Dividend","FIFO",,,
"114","BMO","Bank Of Montreal","Bank of Montreal","NYQ","TFSA","USD","16.12","0","0","2023-11-28 GMT+0200","17:02:00","0","Dividend","FIFO",,,
"115","BMO","Bank Of Montreal","Bank of Montreal","NYQ","TFSA","USD","16.7","0","0","2024-02-27 GMT+0200","18:07:00","0","Dividend","FIFO",,,
"116","BMO","Bank Of Montreal","Bank of Montreal","NYQ","TFSA","USD","16.54","0","0","2024-05-28 GMT+0200","19:04:00","0","Dividend","FIFO",,,
"117","BMO","Bank Of Montreal","Bank of Montreal","NYQ","TFSA","USD","17.17","0","0","2024-08-27 GMT+0200","20:46:00","0","Dividend","FIFO",,,
"118","BMO","Bank Of Montreal","Bank of Montreal","NYQ","TFSA","USD","16.56","0","0","2024-11-26 GMT+0200","23:04:00","0","Dividend","FIFO",,,
"119","BMO","Bank Of Montreal","Bank of Montreal","NYQ","TFSA","USD","16.61","0","0","2025-02-26 GMT+0200","19:24:00","0","Dividend","FIFO",,,
"120","BMO","Bank Of Montreal","Bank of Montreal","NYQ","TFSA","USD","17.28","0","0","2025-05-27 GMT+0200","21:07:00","0","Dividend","FIFO",,,
"121","BMO","Bank Of Montreal","Bank of Montreal","NYQ","TFSA","USD","17.56","0","0","2025-08-26 GMT+0200","21:22:00",,"Dividend","FIFO",,,
"122","BMO","Bank Of Montreal","Bank of Montreal","NYQ","TFSA","USD","17.27","0","0","2025-11-26 GMT+0200","22:22:00",,"Dividend","FIFO",,,
"123","BMO","Bank Of Montreal","Bank of Montreal","NYQ","TFSA","USD","18.23","0","0","2026-02-26 GMT+0200","22:21:00",,"Dividend","FIFO",,,

"124","USO","United States Oil Fund","United States Oil Fund","PCX","TFSA","USD",,,,,,,,,,,
"125","USO","United States Oil Fund","United States Oil Fund","PCX","TFSA","USD","35","28.54","9.95","2020-06-10 GMT+0200","06:00:00","0","Buy",,,,
"126","USO","United States Oil Fund","United States Oil Fund","PCX","TFSA","USD","27","64.58","9.95","2023-05-17 GMT+0200","20:14:00","0","Sell","FIFO",,,
"127","USO","United States Oil Fund","United States Oil Fund","PCX","TFSA","USD","0","80.07","9.95","2025-01-24 GMT+0200","21:31:00","0","Sell All","FIFO",,,

"128","QCOM","QUALCOMM Incorporated","Qualcomm","NMS","TFSA","USD",,,,,,,,,,,
"129","QCOM","QUALCOMM Incorporated","Qualcomm","NMS","TFSA","USD","5","91.43","9.95","2020-06-10 GMT+0200","06:00:00","1.34218","Buy",,,,
"130","QCOM","QUALCOMM Incorporated","Qualcomm","NMS","TFSA","USD","2.77","0","0","2020-09-24 GMT+0200","21:08:00",,"Dividend","FIFO",,,
"131","QCOM","QUALCOMM Incorporated","Qualcomm","NMS","TFSA","USD","2.77","0","0","2020-12-17 GMT+0200","16:50:00",,"Dividend","FIFO",,,
"132","QCOM","QUALCOMM Incorporated","Qualcomm","NMS","TFSA","USD","2.77","0","0","2021-03-25 GMT+0200","20:12:00",,"Dividend","FIFO",,,
"133","QCOM","QUALCOMM Incorporated","Qualcomm","NMS","TFSA","USD","2.89","0","0","2021-06-24 GMT+0200","15:45:00",,"Dividend","FIFO",,,
"134","QCOM","QUALCOMM Incorporated","Qualcomm","NMS","TFSA","USD","2.89","0","0","2021-09-23 GMT+0200","16:21:00",,"Dividend","FIFO",,,
"135","QCOM","QUALCOMM Incorporated","Qualcomm","NMS","TFSA","USD","2.89","0","0","2021-12-16 GMT+0200","16:57:00",,"Dividend","FIFO",,,
"136","QCOM","QUALCOMM Incorporated","Qualcomm","NMS","TFSA","USD","2.89","0","0","2022-03-24 GMT+0200","15:43:00",,"Dividend","FIFO",,,
"137","QCOM","QUALCOMM Incorporated","Qualcomm","NMS","TFSA","USD","3.19","0","0","2022-06-23 GMT+0200","20:55:00","0","Dividend","FIFO",,,
"138","QCOM","QUALCOMM Incorporated","Qualcomm","NMS","TFSA","USD","3.19","0","0","2022-09-22 GMT+0200","06:27:00","0","Dividend","FIFO",,,
"139","QCOM","QUALCOMM Incorporated","Qualcomm","NMS","TFSA","USD","3.19","0","0","2022-12-15 GMT+0200","18:04:00","0","Dividend","FIFO",,,
"140","QCOM","QUALCOMM Incorporated","Qualcomm","NMS","TFSA","USD","3.19","0","0","2023-03-23 GMT+0200","16:29:00","0","Dividend","FIFO",,,
"141","QCOM","QUALCOMM Incorporated","Qualcomm","NMS","TFSA","USD","3.4","0","0","2023-06-22 GMT+0200","16:59:00","0","Dividend","FIFO",,,
"142","QCOM","QUALCOMM Incorporated","Qualcomm","NMS","TFSA","USD","3.4","0","0","2023-09-21 GMT+0200","19:12:00","0","Dividend","FIFO",,,
"143","QCOM","QUALCOMM Incorporated","Qualcomm","NMS","TFSA","USD","3.4","0","0","2023-12-14 GMT+0200","19:54:00","0","Dividend","FIFO",,,
"144","QCOM","QUALCOMM Incorporated","Qualcomm","NMS","TFSA","USD","3.4","0","0","2024-03-21 GMT+0200","16:29:00","0","Dividend","FIFO",,,
"145","QCOM","QUALCOMM Incorporated","Qualcomm","NMS","TFSA","USD","3.62","0","0","2024-06-20 GMT+0200","22:24:00","0","Dividend","FIFO",,,
"146","QCOM","QUALCOMM Incorporated","Qualcomm","NMS","TFSA","USD","3.62","0","0","2024-09-26 GMT+0200","20:45:00","0","Dividend","FIFO",,,
"147","QCOM","QUALCOMM Incorporated","Qualcomm","NMS","TFSA","USD","3.62","0","0","2024-12-19 GMT+0200","16:35:00","0","Dividend","FIFO",,,
"148","QCOM","QUALCOMM Incorporated","Qualcomm","NMS","TFSA","USD","3.62","0","0","2025-03-27 GMT+0200","18:22:00","0","Dividend","FIFO",,,
"149","QCOM","QUALCOMM Incorporated","Qualcomm","NMS","TFSA","USD","3.79","0","0","2025-06-26 GMT+0200","17:14:00","0","Dividend","FIFO",,,
"150","QCOM","QUALCOMM Incorporated","Qualcomm","NMS","TFSA","USD","3.12","0","0","2025-09-25 GMT+0200","21:39:00",,"Dividend","FIFO",,,
"151","QCOM","QUALCOMM Incorporated","Qualcomm","NMS","TFSA","USD","3.79","0","0","2025-12-18 GMT+0200","22:30:00",,"Dividend","FIFO",,,

"152","RDS-B","Royal Dutch Shell PLC Royal Dut","Royal Dutch Shell","NYQ","TFSA","USD",,,,,,,,,,,

"153","AC.TO","Air Canada","Air Canada","TOR","TFSA","CAD",,,,,,,,,,,
"154","AC.TO","Air Canada","Air Canada","TOR","TFSA","CAD","50","19.73","9.95","2020-06-10 GMT+0200","06:00:00",,"Buy",,,,
"155","AC.TO","Air Canada","Air Canada","TOR","TFSA","CAD","19","26.41","9.95","2021-04-14 GMT+0200","19:13:00",,"Buy",,,,
"156","AC.TO","Air Canada","Air Canada","TOR","TFSA","CAD","69","14.41","9.95","2025-05-02 GMT+0200","16:36:00","0","Sell All","FIFO",,,

"157","XLV","State Street Health Care Select","Select Sector SPDR Trust The Health Care","PCX","TFSA","USD",,,,,,,,,,,
"158","XLV","State Street Health Care Select","Select Sector SPDR Trust The Health Care","PCX","TFSA","USD","4","105.79","9.95","2020-07-20 GMT+0200","06:00:00",,"Buy",,,,
"159","XLV","State Street Health Care Select","Select Sector SPDR Trust The Health Care","PCX","TFSA","USD","1.42","0","0","2020-10-01 GMT+0200","21:08:00",,"Dividend","FIFO",,,
"160","XLV","State Street Health Care Select","Select Sector SPDR Trust The Health Care","PCX","TFSA","USD","4","110.8","9.95","2020-12-01 GMT+0200","16:33:00",,"Sell","FIFO",,,

"161","GERM","Amplify ETF Trust Amplify Treat","ETFMG Treatments Testing and Advancements","PCX","TFSA","USD",,,,,,,,,,,
"162","GERM","Amplify ETF Trust Amplify Treat","ETFMG Treatments Testing and Advancements","PCX","TFSA","USD","12","33.4099","9.95","2020-07-20 GMT+0200","06:00:00",,"Buy",,,,
"163","GERM","Amplify ETF Trust Amplify Treat","ETFMG Treatments Testing and Advancements","PCX","TFSA","USD","12","27.0501","9.95","2020-08-28 GMT+0200","15:56:00",,"Sell","FIFO",,,

"164","SNE","Sony Corporation","Sony Corporation","NYQ","TFSA","USD",,,,,,,,,,,

"165","ZBH","Zimmer Biomet Holdings, Inc.","Zimmer Biometric Holdings Inc","NYQ","TFSA","USD",,,,,,,,,,,
"166","ZBH","Zimmer Biomet Holdings, Inc.","Zimmer Biometric Holdings Inc","NYQ","TFSA","USD","3","134.3499","9.95","2020-07-20 GMT+0200","06:00:00",,"Buy",,,,
"167","ZBH","Zimmer Biomet Holdings, Inc.","Zimmer Biometric Holdings Inc","NYQ","TFSA","USD","0.62","0","0","2020-10-31 GMT+0200","05:25:00",,"Dividend","FIFO",,,
"168","ZBH","Zimmer Biomet Holdings, Inc.","Zimmer Biometric Holdings Inc","NYQ","TFSA","USD","0.62","0","0","2021-01-29 GMT+0200","07:02:00",,"Dividend","FIFO",,,
"169","ZBH","Zimmer Biomet Holdings, Inc.","Zimmer Biometric Holdings Inc","NYQ","TFSA","USD","0.62","0","0","2021-07-30 GMT+0200","21:14:00",,"Dividend","FIFO",,,
"170","ZBH","Zimmer Biomet Holdings, Inc.","Zimmer Biometric Holdings Inc","NYQ","TFSA","USD","3","146.9801","9.95","2021-09-07 GMT+0200","21:21:00",,"Sell","FIFO",,,

"171","BABA","Alibaba Group Holding Limited","Alibaba Group Holdings","NYQ","TFSA","USD",,,,,,,,,,,
"172","BABA","Alibaba Group Holding Limited","Alibaba Group Holdings","NYQ","TFSA","USD","2","254.87","9.95","2020-07-20 GMT+0200","06:00:00",,"Buy",,,,
"173","BABA","Alibaba Group Holding Limited","Alibaba Group Holdings","NYQ","TFSA","USD","2","156.3401","9.95","2021-09-16 GMT+0200","20:02:00","0","Sell All","FIFO",,,

"174","NVDA","NVIDIA Corporation","Nvidia ","NMS","TFSA","USD",,,,,,,,,,,
"175","NVDA","NVIDIA Corporation","Nvidia ","NMS","TFSA","USD","1","461.2","9.95","2020-08-14 GMT+0200","15:30:00","1.32234","Buy",,,,
"176","NVDA","NVIDIA Corporation","Nvidia ","NMS","TFSA","USD","0.14","0","0","2020-09-24 GMT+0200","21:09:00",,"Dividend","FIFO",,,
"177","NVDA","NVIDIA Corporation","Nvidia ","NMS","TFSA","USD","0.14","0","0","2020-12-31 GMT+0200","20:32:00",,"Dividend","FIFO",,,
"178","NVDA","NVIDIA Corporation","Nvidia ","NMS","TFSA","USD","0.14","0","0","2021-03-31 GMT+0200","20:13:00",,"Dividend","FIFO",,,
"179","NVDA","NVIDIA Corporation","Nvidia ","NMS","TFSA","USD","0.14","0","0","2021-07-02 GMT+0200","17:11:00",,"Dividend","FIFO",,,
"180","NVDA","NVIDIA Corporation","Nvidia ","NMS","TFSA","USD","4","1","0","2021-07-19 GMT+0200","18:51:00",,"Split",,,,
"181","NVDA","NVIDIA Corporation","Nvidia ","NMS","TFSA","USD","0.14","0","0","2021-09-23 GMT+0200","16:22:00",,"Dividend","FIFO",,,
"182","NVDA","NVIDIA Corporation","Nvidia ","NMS","TFSA","USD","0.14","0","0","2021-12-23 GMT+0200","16:57:00",,"Dividend","FIFO",,,
"183","NVDA","NVIDIA Corporation","Nvidia ","NMS","TFSA","USD","0.14","0","0","2022-03-24 GMT+0200","15:42:00",,"Dividend","FIFO",,,
"184","NVDA","NVIDIA Corporation","Nvidia ","NMS","TFSA","USD","0.14","0","0","2022-07-04 GMT+0200","20:54:00",,"Dividend","FIFO",,,
"185","NVDA","NVIDIA Corporation","Nvidia ","NMS","TFSA","USD","0.14","0","0","2022-09-29 GMT+0200","06:28:00","0","Dividend","FIFO",,,
"186","NVDA","NVIDIA Corporation","Nvidia ","NMS","TFSA","USD","0.14","0","0","2022-12-22 GMT+0200","18:04:00","0","Dividend","FIFO",,,
"187","NVDA","NVIDIA Corporation","Nvidia ","NMS","TFSA","USD","0.14","0","0","2023-03-29 GMT+0200","16:28:00","0","Dividend","FIFO",,,
"188","NVDA","NVIDIA Corporation","Nvidia ","NMS","TFSA","USD","0.14","0","0","2023-06-30 GMT+0200","18:34:00","0","Dividend","FIFO",,,
"189","NVDA","NVIDIA Corporation","Nvidia ","NMS","TFSA","USD","0.14","0","0","2023-09-28 GMT+0200","19:13:00","0","Dividend","FIFO",,,
"190","NVDA","NVIDIA Corporation","Nvidia ","NMS","TFSA","USD","0.14","0","0","2023-12-28 GMT+0200","17:56:00","0","Dividend","FIFO",,,
"191","NVDA","NVIDIA Corporation","Nvidia ","NMS","TFSA","USD","0.14","0","0","2024-03-27 GMT+0200","16:27:00","0","Dividend","FIFO",,,
"192","NVDA","NVIDIA Corporation","Nvidia ","NMS","TFSA","USD","10","1","0","2024-06-10 GMT+0200","16:04:00","0","Split",,,,
"193","NVDA","NVIDIA Corporation","Nvidia ","NMS","TFSA","USD","0.34","0","0","2024-10-03 GMT+0200","20:41:00","0","Dividend","FIFO",,,
"194","NVDA","NVIDIA Corporation","Nvidia ","NMS","TFSA","USD","0.34","0","0","2024-12-27 GMT+0200","16:19:00","0","Dividend","FIFO",,,
"195","NVDA","NVIDIA Corporation","Nvidia ","NMS","TFSA","USD","0.34","0","0","2025-04-02 GMT+0200","20:00:00","0","Dividend","FIFO",,,
"196","NVDA","NVIDIA Corporation","Nvidia ","NMS","TFSA","USD","0.34","0","0","2025-07-03 GMT+0200","21:44:00",,"Dividend","FIFO",,,
"197","NVDA","NVIDIA Corporation","Nvidia ","NMS","TFSA","USD","0.34","0","0","2025-10-02 GMT+0200","21:35:00",,"Dividend","FIFO",,,
"198","NVDA","NVIDIA Corporation","Nvidia ","NMS","TFSA","USD","0.34","0","0","2025-12-29 GMT+0200","22:29:00",,"Dividend","FIFO",,,

"199","AAPL","Apple Inc.","Apple","NMS","TFSA","USD",,,,,,,,,,,
"200","AAPL","Apple Inc.","Apple","NMS","TFSA","USD","1","458.76","9.95","2020-08-14 GMT+0200","16:59:00","1.32233","Buy",,,,
"201","AAPL","Apple Inc.","Apple","NMS","TFSA","USD","4","1","0","2020-08-31 GMT+0200","17:00:00",,"Split",,,,
"202","AAPL","Apple Inc.","Apple","NMS","TFSA","USD","0.7","0","0","2020-11-12 GMT+0200","16:39:00",,"Dividend","FIFO",,,
"203","AAPL","Apple Inc.","Apple","NMS","TFSA","USD","0.7","0","0","2021-02-12 GMT+0200","03:57:00",,"Dividend","FIFO",,,
"204","AAPL","Apple Inc.","Apple","NMS","TFSA","USD","0.75","0","0","2021-05-13 GMT+0200","15:51:00",,"Dividend","FIFO",,,
"205","AAPL","Apple Inc.","Apple","NMS","TFSA","USD","0.75","0","0","2021-08-12 GMT+0200","21:13:00",,"Dividend","FIFO",,,
"206","AAPL","Apple Inc.","Apple","NMS","TFSA","USD","0.75","0","0","2021-11-11 GMT+0200","17:56:00",,"Dividend","FIFO",,,
"207","AAPL","Apple Inc.","Apple","NMS","TFSA","USD","0.75","0","0","2022-02-12 GMT+0200","04:34:00",,"Dividend","FIFO",,,
"208","AAPL","Apple Inc.","Apple","NMS","TFSA","USD","0.79","0","0","2022-05-12 GMT+0200","16:15:00",,"Dividend","FIFO",,,
"209","AAPL","Apple Inc.","Apple","NMS","TFSA","USD","0.79","0","0","2022-08-11 GMT+0200","15:46:00","0","Dividend","FIFO",,,
"210","AAPL","Apple Inc.","Apple","NMS","TFSA","USD","0.79","0","0","2022-11-10 GMT+0200","07:31:00","0","Dividend","FIFO",,,
"211","AAPL","Apple Inc.","Apple","NMS","TFSA","USD","0.79","0","0","2023-02-16 GMT+0200","23:22:00","0","Dividend","FIFO",,,
"212","AAPL","Apple Inc.","Apple","NMS","TFSA","USD","0.82","0","0","2023-05-18 GMT+0200","22:18:00","0","Dividend","FIFO",,,
"213","AAPL","Apple Inc.","Apple","NMS","TFSA","USD","0.82","0","0","2023-08-17 GMT+0200","16:00:00","0","Dividend","FIFO",,,
"214","AAPL","Apple Inc.","Apple","NMS","TFSA","USD","0.82","0","0","2023-11-16 GMT+0200","17:31:00","0","Dividend","FIFO",,,
"215","AAPL","Apple Inc.","Apple","NMS","TFSA","USD","0.82","0","0","2024-02-15 GMT+0200","16:25:00","0","Dividend","FIFO",,,
"216","AAPL","Apple Inc.","Apple","NMS","TFSA","USD","0.85","0","0","2024-05-16 GMT+0200","19:05:00","0","Dividend","FIFO",,,
"217","AAPL","Apple Inc.","Apple","NMS","TFSA","USD","0.85","0","0","2024-08-16 GMT+0200","03:42:00","0","Dividend","FIFO",,,
"218","AAPL","Apple Inc.","Apple","NMS","TFSA","USD","0.85","0","0","2024-11-14 GMT+0200","16:53:00","0","Dividend","FIFO",,,
"219","AAPL","Apple Inc.","Apple","NMS","TFSA","USD","0.85","0","0","2025-02-13 GMT+0200","18:22:00","0","Dividend","FIFO",,,
"220","AAPL","Apple Inc.","Apple","NMS","TFSA","USD","0.89","0","0","2025-05-15 GMT+0200","17:19:00","0","Dividend","FIFO",,,
"221","AAPL","Apple Inc.","Apple","NMS","TFSA","USD","0.89","0","0","2025-08-14 GMT+0200","21:42:00",,"Dividend","FIFO",,,
"222","AAPL","Apple Inc.","Apple","NMS","TFSA","USD","0.89","0","0","2025-11-13 GMT+0200","22:33:00",,"Dividend","FIFO",,,
"223","AAPL","Apple Inc.","Apple","NMS","TFSA","USD","0.89","0","0","2026-02-12 GMT+0200","22:25:00",,"Dividend","FIFO",,,

"224","TSLA","Tesla, Inc.",,"NMS","TFSA","USD",,,,,,,,,,,
"225","TSLA","Tesla, Inc.",,"NMS","TFSA","USD","2","444.89","9.95","2020-08-31 GMT+0200","15:36:00","1.30819","Buy",,,,
"226","TSLA","Tesla, Inc.",,"NMS","TFSA","USD","1","594.44","9.95","2021-03-08 GMT+0200","18:16:00","1.26326","Buy",,,,
"227","TSLA","Tesla, Inc.",,"NMS","TFSA","USD","3","1","0","2022-08-25 GMT+0200","15:44:00",,"Split",,,,
"228","TSLA","Tesla, Inc.",,"NMS","TFSA","USD","5","393.12","9.95","2025-01-07 GMT+0200","21:24:00","1.43386","Buy",,,,

"229","XPEV","XPeng Inc.",,"NYQ","TFSA","USD",,,,,,,,,,,
"230","XPEV","XPeng Inc.",,"NYQ","TFSA","USD","8","62.0089","9.95","2020-12-01 GMT+0200","16:32:00",,"Buy",,,,
"231","XPEV","XPeng Inc.",,"NYQ","TFSA","USD","8","37.52","9.95","2021-09-16 GMT+0200","20:05:00",,"Sell","FIFO",,,

"232","BNS","Bank Nova Scotia Halifax Pfd 3","Bank of Nova Scotia","NYQ","TFSA","USD",,,,,,,,,,,

"233","BNS.TO","Bank Of Nova Scotia",,"TOR","TFSA","CAD",,,,,,,,,,,
"234","BNS.TO","Bank Of Nova Scotia",,"TOR","TFSA","CAD","14","67.84","9.95","2021-01-04 GMT+0200","17:17:00",,"Buy",,,,
"235","BNS.TO","Bank Of Nova Scotia",,"TOR","TFSA","CAD","5","73","9.95","2021-02-23 GMT+0200","16:30:00",,"Buy",,,,
"236","BNS.TO","Bank Of Nova Scotia",,"TOR","TFSA","CAD","17.1","0","0","2021-04-29 GMT+0200","00:48:00",,"Dividend","FIFO",,,
"237","BNS.TO","Bank Of Nova Scotia",,"TOR","TFSA","CAD","17.1","0","0","2021-07-28 GMT+0200","20:34:00",,"Dividend","FIFO",,,
"238","BNS.TO","Bank Of Nova Scotia",,"TOR","TFSA","CAD","17.1","0","0","2021-10-27 GMT+0200","16:47:00",,"Dividend","FIFO",,,
"239","BNS.TO","Bank Of Nova Scotia",,"TOR","TFSA","CAD","19","0","0","2022-01-28 GMT+0200","00:21:00",,"Dividend","FIFO",,,
"240","BNS.TO","Bank Of Nova Scotia",,"TOR","TFSA","CAD","19","0","0","2022-04-27 GMT+0200","15:43:00",,"Dividend","FIFO",,,
"241","BNS.TO","Bank Of Nova Scotia",,"TOR","TFSA","CAD","19.57","0","0","2022-07-27 GMT+0200","20:54:00",,"Dividend","FIFO",,,
"242","BNS.TO","Bank Of Nova Scotia",,"TOR","TFSA","CAD","19.57","0","0","2022-10-27 GMT+0200","06:30:00","0","Dividend","FIFO",,,
"243","BNS.TO","Bank Of Nova Scotia",,"TOR","TFSA","CAD","19.57","0","0","2023-01-28 GMT+0200","04:24:00","0","Dividend","FIFO",,,
"244","BNS.TO","Bank Of Nova Scotia",,"TOR","TFSA","CAD","19.57","0","0","2023-04-26 GMT+0200","23:15:00","0","Dividend","FIFO",,,
"245","BNS.TO","Bank Of Nova Scotia",,"TOR","TFSA","CAD","20.14","0","0","2023-07-27 GMT+0200","15:33:00","0","Dividend","FIFO",,,
"246","BNS.TO","Bank Of Nova Scotia",,"TOR","TFSA","CAD","20.14","0","0","2023-10-27 GMT+0200","21:02:00","0","Dividend","FIFO",,,
"247","BNS.TO","Bank Of Nova Scotia",,"TOR","TFSA","CAD","20.14","0","0","2024-01-29 GMT+0200","22:00:00","0","Dividend","FIFO",,,
"248","BNS.TO","Bank Of Nova Scotia",,"TOR","TFSA","CAD","20.14","0","0","2024-04-26 GMT+0200","21:43:00","0","Dividend","FIFO",,,
"249","BNS.TO","Bank Of Nova Scotia",,"TOR","TFSA","CAD","20.14","0","0","2024-07-30 GMT+0200","03:43:00","0","Dividend","FIFO",,,
"250","BNS.TO","Bank Of Nova Scotia",,"TOR","TFSA","CAD","20.14","0","0","2024-10-29 GMT+0200","15:54:00","0","Dividend","FIFO",,,
"251","BNS.TO","Bank Of Nova Scotia",,"TOR","TFSA","CAD","20.14","0","0","2025-01-29 GMT+0200","16:54:00","0","Dividend","FIFO",,,
"252","BNS.TO","Bank Of Nova Scotia",,"TOR","TFSA","CAD","20.14","0","0","2025-04-28 GMT+0200","19:59:00","0","Dividend","FIFO",,,
"253","BNS.TO","Bank Of Nova Scotia",,"TOR","TFSA","CAD","0","69.38","9.95","2025-05-02 GMT+0200","16:36:00","0","Sell All","FIFO",,,

"254","NLS","Nautilus, Inc.","Nautilus","NYQ","TFSA","USD",,,,,,,,,,,
"255","NLS","Nautilus, Inc.","Nautilus","NYQ","TFSA","USD","26","18.8399","9.95","2021-01-04 GMT+0200","17:38:00",,"Buy",,,,
"256","NLS","Nautilus, Inc.","Nautilus","NYQ","TFSA","USD","15","29.4034","9.95","2021-02-17 GMT+0200","21:34:00",,"Buy",,,,
"257","NLS","Nautilus, Inc.","Nautilus","NYQ","TFSA","USD","41","12.03","9.95","2021-08-17 GMT+0200","20:02:00",,"Sell","FIFO",,,

"258","APHA","Aphria Inc.","Aphria ","NMS","TFSA","USD",,,,,,,,,,,
"259","APHA","Aphria Inc.","Aphria ","NMS","TFSA","USD","68","7.3099","9.95","2021-01-04 GMT+0200","17:42:00",,"Buy",,,,
"260","APHA","Aphria Inc.","Aphria ","NMS","TFSA","USD","30","19.6878","9.95","2021-02-11 GMT+0200","17:06:00","0","Sell All","FIFO",,,
"261","APHA","Aphria Inc.","Aphria ","NMS","TFSA","USD","28","20.8","9.95","2021-02-16 GMT+0200","20:47:00",,"Buy",,,,
"262","APHA","Aphria Inc.","Aphria ","NMS","TFSA","USD","66","13.27","0","2021-05-05 GMT+0200","16:30:00","0","Sell All","FIFO",,,

"263","BIP","Brookfield Infrastructure Partn","Brookfield Infrastructure Partners","NYQ","TFSA","USD",,,,,,,,,,,
"264","BIP","Brookfield Infrastructure Partn","Brookfield Infrastructure Partners","NYQ","TFSA","USD","12","49.9676","9.95","2021-01-04 GMT+0200","17:45:00",,"Buy",,,,
"265","BIP","Brookfield Infrastructure Partn","Brookfield Infrastructure Partners","NYQ","TFSA","USD","6.11","0","0","2021-03-31 GMT+0200","20:13:00",,"Dividend","FIFO",,,
"266","BIP","Brookfield Infrastructure Partn","Brookfield Infrastructure Partners","NYQ","TFSA","USD","5.94","0","0","2021-06-30 GMT+0200","17:09:00",,"Dividend","FIFO",,,
"267","BIP","Brookfield Infrastructure Partn","Brookfield Infrastructure Partners","NYQ","TFSA","USD","6.06","0","0","2021-09-29 GMT+0200","16:21:00",,"Dividend","FIFO",,,
"268","BIP","Brookfield Infrastructure Partn","Brookfield Infrastructure Partners","NYQ","TFSA","USD","6.12","0","0","2021-12-31 GMT+0200","17:28:00",,"Dividend","FIFO",,,
"269","BIP","Brookfield Infrastructure Partn","Brookfield Infrastructure Partners","NYQ","TFSA","USD","6.57","0","0","2022-03-31 GMT+0200","15:41:00","0","Dividend","FIFO",,,
"270","BIP","Brookfield Infrastructure Partn","Brookfield Infrastructure Partners","NYQ","TFSA","USD","1.5","1","0","2022-06-10 GMT+0200","06:52:00","0","Split",,,,
"271","BIP","Brookfield Infrastructure Partn","Brookfield Infrastructure Partners","NYQ","TFSA","USD","6.88","0","0","2023-09-29 GMT+0200","19:13:00","0","Dividend","FIFO",,,
"272","BIP","Brookfield Infrastructure Partn","Brookfield Infrastructure Partners","NYQ","TFSA","USD","7.04","0","0","2023-12-29 GMT+0200","17:55:00","0","Dividend","FIFO",,,
"273","BIP","Brookfield Infrastructure Partn","Brookfield Infrastructure Partners","NYQ","TFSA","USD","7.26","0","0","2024-09-27 GMT+0200","20:43:00","0","Dividend","FIFO",,,
"274","BIP","Brookfield Infrastructure Partn","Brookfield Infrastructure Partners","NYQ","TFSA","USD","6.76","0","0","2024-12-31 GMT+0200","16:17:00","0","Dividend","FIFO",,,
"275","BIP","Brookfield Infrastructure Partn","Brookfield Infrastructure Partners","NYQ","TFSA","USD","18","33.61","9.95","2025-01-24 GMT+0200","21:28:00","0","Sell All","FIFO",,,

"276","SONY","Sony Group Corporation",,"NYQ","TFSA","USD",,,,,,,,,,,
"277","SONY","Sony Group Corporation",,"NYQ","TFSA","USD","4","76.9799","9.95","2020-07-20 GMT+0200","15:30:00",,"Buy",,,,
"278","SONY","Sony Group Corporation",,"NYQ","TFSA","USD","0.72","0","0","2020-12-09 GMT+0200","23:26:00",,"Dividend","FIFO",,,
"279","SONY","Sony Group Corporation",,"NYQ","TFSA","USD","0.83","0","0","2021-06-04 GMT+0200","16:16:00",,"Dividend","FIFO",,,
"280","SONY","Sony Group Corporation",,"NYQ","TFSA","USD","0.78","0","0","2021-12-08 GMT+0200","17:56:00",,"Dividend","FIFO",,,
"281","SONY","Sony Group Corporation",,"NYQ","TFSA","USD","0.78","0","0","2022-06-10 GMT+0200","20:56:00",,"Dividend","FIFO",,,
"282","SONY","Sony Group Corporation",,"NYQ","TFSA","USD","0.76","0","0","2022-12-08 GMT+0200","18:05:00","0","Dividend","FIFO",,,
"283","SONY","Sony Group Corporation",,"NYQ","TFSA","USD","0.84","0","0","2023-06-12 GMT+0200","15:11:00","0","Dividend","FIFO",,,
"284","SONY","Sony Group Corporation",,"NYQ","TFSA","USD","0.8","0","0","2023-12-12 GMT+0200","17:28:00","0","Dividend","FIFO",,,
"285","SONY","Sony Group Corporation",,"NYQ","TFSA","USD","0.83","0","0","2024-06-20 GMT+0200","22:24:00","0","Dividend","FIFO",,,
"286","SONY","Sony Group Corporation",,"NYQ","TFSA","USD","5","1","0","2024-10-08 GMT+0200","16:54:00","0","Split",,,,
"287","SONY","Sony Group Corporation",,"NYQ","TFSA","USD","0.97","0","0","2024-12-12 GMT+0200","23:06:00","0","Dividend","FIFO",,,
"288","SONY","Sony Group Corporation",,"NYQ","TFSA","USD","0","20.77","9.95","2025-01-24 GMT+0200","21:31:00","0","Sell All","FIFO",,,

"289","TLRY","Tilray Brands, Inc.","Tilray","NMS","TFSA","USD",,,,,,,,,,,
"290","TLRY","Tilray Brands, Inc.","Tilray","NMS","TFSA","USD","55","15.9214545","0","2021-05-05 GMT+0200","16:08:00",,"Buy",,,,
"291","TLRY","Tilray Brands, Inc.","Tilray","NMS","TFSA","USD","55","13.39","9.95","2021-09-07 GMT+0200","16:32:00",,"Sell","FIFO",,,

"292","PLUG","Plug Power, Inc.",,"NCM","TFSA","USD",,,,,,,,,,,
"293","PLUG","Plug Power, Inc.",,"NCM","TFSA","USD","23","28.02","9.95","2021-05-20 GMT+0200","15:41:00",,"Buy",,,,
"294","PLUG","Plug Power, Inc.",,"NCM","TFSA","USD","23","9.0931","9.95","2023-04-10 GMT+0200","17:55:00","0","Sell","FIFO",,,

"295","CLOU","Global X Cloud Computing ETF",,"NGM","TFSA","USD",,,,,,,,,,,
"296","CLOU","Global X Cloud Computing ETF",,"NGM","TFSA","USD","17","28.87","9.95","2021-08-17 GMT+0200","20:04:00",,"Buy",,,,
"297","CLOU","Global X Cloud Computing ETF",,"NGM","TFSA","USD","7.94","0","0","2022-01-07 GMT+0200","21:19:00",,"Dividend","FIFO",,,
"298","CLOU","Global X Cloud Computing ETF",,"NGM","TFSA","USD","0","25.16","9.95","2025-01-24 GMT+0200","21:30:00","0","Sell All","FIFO",,,

"299","FNGU","MicroSectors FANG+ 3X Leveraged",,"PCX","TFSA","USD",,,,,,,,,,,
"300","FNGU","MicroSectors FANG+ 3X Leveraged",,"PCX","TFSA","USD","495","19.25","9.95","2025-05-16 GMT+0200","16:14:00","0","Buy",,,,

"301","CRWD","CrowdStrike Holdings, Inc.",,"NMS","TFSA","USD",,,,,,,,,,,
"302","CRWD","CrowdStrike Holdings, Inc.",,"NMS","TFSA","USD","5","244.3699","9.95","2021-09-30 GMT+0200","15:53:00",,"Buy",,,,
"303","CRWD","CrowdStrike Holdings, Inc.",,"NMS","TFSA","USD","5","256.2749","9.95","2021-11-15 GMT+0200","17:25:00",,"Sell","FIFO",,,

"304","MRVL","Marvell Technology, Inc.",,"NMS","TFSA","USD",,,,,,,,,,,
"305","MRVL","Marvell Technology, Inc.",,"NMS","TFSA","USD","10","85.82","9.95","2022-01-12 GMT+0200","16:44:00",,"Buy",,,,
"306","MRVL","Marvell Technology, Inc.",,"NMS","TFSA","USD","0.51","0","0","2022-04-27 GMT+0200","15:44:00",,"Dividend","FIFO",,,
"307","MRVL","Marvell Technology, Inc.",,"NMS","TFSA","USD","0.51","0","0","2022-07-27 GMT+0200","20:53:00",,"Dividend","FIFO",,,
"308","MRVL","Marvell Technology, Inc.",,"NMS","TFSA","USD","0.51","0","0","2022-10-27 GMT+0200","06:29:00","0","Dividend","FIFO",,,
"309","MRVL","Marvell Technology, Inc.",,"NMS","TFSA","USD","0.51","0","0","2023-01-26 GMT+0200","04:25:00","0","Dividend","FIFO",,,
"310","MRVL","Marvell Technology, Inc.",,"NMS","TFSA","USD","10","39.681","9.95","2023-04-10 GMT+0200","17:57:00","0","Sell","FIFO",,,
"311","MRVL","Marvell Technology, Inc.",,"NMS","TFSA","USD","0.51","0","0","2023-04-26 GMT+0200","23:15:00","0","Dividend","FIFO",,,

"312","NFLX","Netflix, Inc.",,"NMS","TFSA","USD",,,,,,,,,,,
"313","NFLX","Netflix, Inc.",,"NMS","TFSA","USD","2","523.4199","9.95","2022-01-20 GMT+0200","16:42:00","1.25104","Buy",,,,
"314","NFLX","Netflix, Inc.",,"NMS","TFSA","USD","10","1","0","2025-11-18 GMT+0200","21:51:00","0","Split",,,,

"315","SHEL","Shell PLC",,"NYQ","TFSA","USD",,,,,,,,,,,
"316","SHEL","Shell PLC",,"NYQ","TFSA","USD","15","34.5799","9.95","2020-06-10 GMT+0200","06:00:00","1.34218","Buy",,,,
"317","SHEL","Shell PLC",,"NYQ","TFSA","USD","15","28.4301","9.95","2020-08-28 GMT+0200","17:32:00","1.31229","Sell","FIFO",,,
"318","SHEL","Shell PLC",,"NYQ","TFSA","USD","4.8","0","0","2020-09-21 GMT+0200","15:53:00",,"Dividend","FIFO",,,
"319","SHEL","Shell PLC",,"NYQ","TFSA","USD","22","45.83","9.95","2022-02-03 GMT+0200","16:47:00","1.26858","Buy",,,,
"320","SHEL","Shell PLC",,"NYQ","TFSA","USD","10.56","0","0","2022-03-29 GMT+0200","15:42:00",,"Dividend","FIFO",,,
"321","SHEL","Shell PLC",,"NYQ","TFSA","USD","11","0","0","2022-06-27 GMT+0200","20:55:00","0","Dividend","FIFO",,,
"322","SHEL","Shell PLC",,"NYQ","TFSA","USD","11","0","0","2022-09-20 GMT+0200","06:26:00","0","Dividend","FIFO",,,
"323","SHEL","Shell PLC",,"NYQ","TFSA","USD","11","0","0","2022-12-21 GMT+0200","18:04:00","0","Dividend","FIFO",,,
"324","SHEL","Shell PLC",,"NYQ","TFSA","USD","12.65","0","0","2023-03-27 GMT+0200","16:29:00","0","Dividend","FIFO",,,
"325","SHEL","Shell PLC",,"NYQ","TFSA","USD","12.65","0","0","2023-06-26 GMT+0200","16:58:00","0","Dividend","FIFO",,,
"326","SHEL","Shell PLC",,"NYQ","TFSA","USD","14.56","0","0","2023-09-18 GMT+0200","19:11:00","0","Dividend","FIFO",,,
"327","SHEL","Shell PLC",,"NYQ","TFSA","USD","14.56","0","0","2023-12-20 GMT+0200","17:57:00","0","Dividend","FIFO",,,
"328","SHEL","Shell PLC",,"NYQ","TFSA","USD","15.14","0","0","2024-03-25 GMT+0200","16:28:00","0","Dividend","FIFO",,,
"329","SHEL","Shell PLC",,"NYQ","TFSA","USD","15.14","0","0","2024-06-25 GMT+0200","22:23:00","0","Dividend","FIFO",,,
"330","SHEL","Shell PLC",,"NYQ","TFSA","USD","15.14","0","0","2024-09-23 GMT+0200","20:45:00","0","Dividend","FIFO",,,
"331","SHEL","Shell PLC",,"NYQ","TFSA","USD","15.14","0","0","2024-12-19 GMT+0200","16:36:00","0","Dividend","FIFO",,,
"332","SHEL","Shell PLC",,"NYQ","TFSA","USD","15.75","0","0","2025-03-24 GMT+0200","18:22:00","0","Dividend","FIFO",,,
"333","SHEL","Shell PLC",,"NYQ","TFSA","USD","15.75","0","0","2025-06-23 GMT+0200","17:14:00","0","Dividend","FIFO",,,
"334","SHEL","Shell PLC",,"NYQ","TFSA","USD","15.75","0","0","2025-09-22 GMT+0200","21:39:00",,"Dividend","FIFO",,,
"335","SHEL","Shell PLC",,"NYQ","TFSA","USD","15.75","0","0","2025-12-18 GMT+0200","22:29:00",,"Dividend","FIFO",,,

"336","ET","Energy Transfer LP",,"NYQ","TFSA","USD",,,,,,,,,,,
"337","ET","Energy Transfer LP",,"NYQ","TFSA","USD","60","12.819","9.95","2023-04-19 GMT+0200","15:35:00","0","Buy",,,,
"338","ET","Energy Transfer LP",,"NYQ","TFSA","USD","9.78","0","0","2023-05-23 GMT+0200","16:24:00","0","Dividend","FIFO",,,
"339","ET","Energy Transfer LP",,"NYQ","TFSA","USD","9.86","0","0","2023-08-21 GMT+0200","15:59:00","0","Dividend","FIFO",,,
"340","ET","Energy Transfer LP",,"NYQ","TFSA","USD","9.94","0","0","2023-11-20 GMT+0200","16:53:00","0","Dividend","FIFO",,,
"341","ET","Energy Transfer LP",,"NYQ","TFSA","USD","10.02","0","0","2024-02-20 GMT+0200","16:26:00","0","Dividend","FIFO",,,
"342","ET","Energy Transfer LP",,"NYQ","TFSA","USD","10.1","0","0","2024-05-21 GMT+0200","19:05:00","0","Dividend","FIFO",,,
"343","ET","Energy Transfer LP",,"NYQ","TFSA","USD","10.18","0","0","2024-08-20 GMT+0200","03:41:00","0","Dividend","FIFO",,,
"344","ET","Energy Transfer LP",,"NYQ","TFSA","USD","12.19","0","0","2024-11-19 GMT+0200","16:49:00","0","Dividend","FIFO",,,
"345","ET","Energy Transfer LP",,"NYQ","TFSA","USD","10.33","0","0","2025-02-19 GMT+0200","18:20:00","0","Dividend","FIFO",,,
"346","ET","Energy Transfer LP",,"NYQ","TFSA","USD","10.41","0","0","2025-05-20 GMT+0200","17:17:00","0","Dividend","FIFO",,,
"347","ET","Energy Transfer LP",,"NYQ","TFSA","USD","10.49","0","0","2025-08-19 GMT+0200","21:41:00",,"Dividend","FIFO",,,
"348","ET","Energy Transfer LP",,"NYQ","TFSA","USD","10.65","0","0","2026-02-19 GMT+0200","22:23:00",,"Dividend","FIFO",,,
"349","ET","Energy Transfer LP",,"NYQ","TFSA","USD","10.57","0","0","2026-11-19 GMT+0200","22:24:00",,"Dividend","FIFO",,,

"350","AMD","Advanced Micro Devices, Inc.",,"NMS","TFSA","USD",,,,,,,,,,,
"351","AMD","Advanced Micro Devices, Inc.",,"NMS","TFSA","USD","9","105.9799","9.95","2023-10-13 GMT+0200","17:30:00","1.36838","Buy",,,,
"352","AMD","Advanced Micro Devices, Inc.",,"NMS","TFSA","USD","0","98.82","9.95","2025-05-02 GMT+0200","16:37:00","0","Sell All","FIFO",,,

"353","CM","Canadian Imperial Bank of Comme",,"NYQ","TFSA","USD",,,,,,,,,,,

"354","UDOW","ProShares UltraPro Dow30",,"PCX","TFSA","USD",,,,,,,,,,,
"355","UDOW","ProShares UltraPro Dow30",,"PCX","TFSA","USD","42","73.53","9.95","2024-04-19 GMT+0200","19:43:00","1.37693","Buy",,,,
"356","UDOW","ProShares UltraPro Dow30",,"PCX","TFSA","USD","11.11","0","0","2024-07-03 GMT+0200","16:36:00","0","Dividend","FIFO",,,
"357","UDOW","ProShares UltraPro Dow30",,"PCX","TFSA","USD","10.93","0","0","2024-10-02 GMT+0200","20:41:00","0","Dividend","FIFO",,,
"358","UDOW","ProShares UltraPro Dow30",,"PCX","TFSA","USD","5.31","0","0","2024-12-31 GMT+0200","16:14:00","0","Dividend","FIFO",,,
"359","UDOW","ProShares UltraPro Dow30",,"PCX","TFSA","USD","11.33","0","0","2025-04-01 GMT+0200","20:01:00","0","Dividend","FIFO",,,
"360","UDOW","ProShares UltraPro Dow30",,"PCX","TFSA","USD","16.14","0","0","2025-09-30 GMT+0200","21:36:00",,"Dividend","FIFO",,,
"361","UDOW","ProShares UltraPro Dow30",,"PCX","TFSA","USD","2","1","0","2025-11-20 GMT+0200","17:03:00","0","Split",,,,
"362","UDOW","ProShares UltraPro Dow30",,"PCX","TFSA","USD","13.94","0","0","2025-12-31 GMT+0200","22:28:00",,"Dividend","FIFO",,,
"363","UDOW","ProShares UltraPro Dow30",,"PCX","TFSA","USD","15.54","0","0","2825-07-02 GMT+0200","21:45:00",,"Dividend","FIFO",,,

"364","CM.TO","Canadian Imperial Bank Of Comme",,"TOR","TFSA","CAD",,,,,,,,,,,
"365","CM.TO","Canadian Imperial Bank Of Comme",,"TOR","TFSA","CAD","45","65.49","9.95","2024-04-19 GMT+0200","19:49:00","0","Buy",,,,
"366","CM.TO","Canadian Imperial Bank Of Comme",,"TOR","TFSA","CAD","40.5","0","0","2024-07-30 GMT+0200","03:44:00","0","Dividend","FIFO",,,
"367","CM.TO","Canadian Imperial Bank Of Comme",,"TOR","TFSA","CAD","40.5","0","0","2024-10-28 GMT+0200","15:54:00","0","Dividend","FIFO",,,
"368","CM.TO","Canadian Imperial Bank Of Comme",,"TOR","TFSA","CAD","43.65","0","0","2025-01-28 GMT+0200","16:54:00","0","Dividend","FIFO",,,
"369","CM.TO","Canadian Imperial Bank Of Comme",,"TOR","TFSA","CAD","43.65","0","0","2025-04-28 GMT+0200","20:00:00","0","Dividend","FIFO",,,
"370","CM.TO","Canadian Imperial Bank Of Comme",,"TOR","TFSA","CAD","43.65","0","0","2025-07-28 GMT+0200","21:43:00",,"Dividend","FIFO",,,
"371","CM.TO","Canadian Imperial Bank Of Comme",,"TOR","TFSA","CAD","43.65","0","0","2025-10-25 GMT+0200","21:34:00",,"Dividend","FIFO",,,
"372","CM.TO","Canadian Imperial Bank Of Comme",,"TOR","TFSA","CAD","48.15","0","0","2026-01-28 GMT+0200","22:26:00",,"Dividend","FIFO",,,

"373","TXF.TO","Ci Tech Giants Covered Call Etf",,"TOR","TFSA","CAD",,,,,,,,,,,
"374","TXF.TO","Ci Tech Giants Covered Call Etf",,"TOR","TFSA","CAD","180","22.4044","9.95","2024-07-04 GMT+0200","16:35:00","0","Buy",,,,
"375","TXF.TO","Ci Tech Giants Covered Call Etf",,"TOR","TFSA","CAD","95.65","0","0","2024-09-27 GMT+0200","20:44:00","0","Dividend","FIFO",,,
"376","TXF.TO","Ci Tech Giants Covered Call Etf",,"TOR","TFSA","CAD","100.44","0","0","2024-12-31 GMT+0200","16:18:00","0","Dividend","FIFO",,,
"377","TXF.TO","Ci Tech Giants Covered Call Etf",,"TOR","TFSA","CAD","140","21.29","9.95","2025-01-07 GMT+0200","21:20:00","0","Buy",,,,
"378","TXF.TO","Ci Tech Giants Covered Call Etf",,"TOR","TFSA","CAD","196.64","0","0","2025-03-31 GMT+0200","18:20:00","0","Dividend","FIFO",,,
"379","TXF.TO","Ci Tech Giants Covered Call Etf",,"TOR","TFSA","CAD","81","0","0","2025-04-17 GMT+0200","17:23:00","0","Dividend","FIFO",,,
"380","TXF.TO","Ci Tech Giants Covered Call Etf",,"TOR","TFSA","CAD","181.41","0","0","2025-06-30 GMT+0200","21:46:00",,"Dividend","FIFO",,,
"381","TXF.TO","Ci Tech Giants Covered Call Etf",,"TOR","TFSA","CAD","166.62","0","0","2025-09-29 GMT+0200","21:38:00",,"Dividend","FIFO",,,
"382","TXF.TO","Ci Tech Giants Covered Call Etf",,"TOR","TFSA","CAD","242.21","0","0","2025-12-31 GMT+0200","22:27:00",,"Dividend","FIFO",,,

"383","SPXL","Direxion Daily S&P 500 Bull 3X ",,"PCX","TFSA","USD",,,,,,,,,,,
"384","SPXL","Direxion Daily S&P 500 Bull 3X ",,"PCX","TFSA","USD","23","176.42","9.95","2025-01-27 GMT+0200","21:17:00","1.43851","Buy",,,,
"385","SPXL","Direxion Daily S&P 500 Bull 3X ",,"PCX","TFSA","USD","9.65","0","0","2025-04-01 GMT+0200","20:02:00","0","Dividend","FIFO",,,
"386","SPXL","Direxion Daily S&P 500 Bull 3X ",,"PCX","TFSA","USD","11.21","0","0","2025-07-02 GMT+0200","21:45:00",,"Dividend","FIFO",,,
"387","SPXL","Direxion Daily S&P 500 Bull 3X ",,"PCX","TFSA","USD","5.54","0","0","2025-09-30 GMT+0200","21:37:00",,"Dividend","FIFO",,,
"388","SPXL","Direxion Daily S&P 500 Bull 3X ",,"PCX","TFSA","USD","3.36","0","0","2025-12-31 GMT+0200","22:28:00",,"Dividend","FIFO",,,

"389","FNGA","MicroSectors FANG Index 3X Lev",,"PCX","TFSA","USD",,,,,,,,,,,
"390","FNGA","MicroSectors FANG Index 3X Lev",,"PCX","TFSA","USD","10","260.54","9.95","2022-10-31 GMT+0200","19:00:00","1.36081","Buy",,,,
"391","FNGA","MicroSectors FANG Index 3X Lev",,"PCX","TFSA","USD","7","127.699","9.95","2023-05-19 GMT+0200","19:03:00","1.34977","Buy",,,,
"392","FNGA","MicroSectors FANG Index 3X Lev",,"PCX","TFSA","USD","5","501.99","9.95","2024-07-11 GMT+0200","19:04:00","1.36172","Buy",,,,
"393","FNGA","MicroSectors FANG Index 3X Lev",,"PCX","TFSA","USD","0","434.13","0","2025-05-16 GMT+0200","16:23:00","0","Sell All","FIFO",,,

"394","BRKY.NE","Berkshire Hathaway (brk) Yield ",,"NEO","TFSA","CAD",,,,,,,,,,,
"395","BRKY.NE","Berkshire Hathaway (brk) Yield ",,"NEO","TFSA","CAD","133","29.7","9.95","2025-05-05 GMT+0200","16:21:00","0","Buy",,,,
"396","BRKY.NE","Berkshire Hathaway (brk) Yield ",,"NEO","TFSA","CAD","13.3","0","0","2025-06-04 GMT+0200","17:15:00","0","Dividend","FIFO",,,
"397","BRKY.NE","Berkshire Hathaway (brk) Yield ",,"NEO","TFSA","CAD","13.3","0","0","2025-07-03 GMT+0200","21:43:00",,"Dividend","FIFO",,,
"398","BRKY.NE","Berkshire Hathaway (brk) Yield ",,"NEO","TFSA","CAD","19.95","0","0","2025-08-05 GMT+0200","21:42:00",,"Dividend","FIFO",,,
"399","BRKY.NE","Berkshire Hathaway (brk) Yield ",,"NEO","TFSA","CAD","19.95","0","0","2025-09-03 GMT+0200","21:40:00",,"Dividend","FIFO",,,
"400","BRKY.NE","Berkshire Hathaway (brk) Yield ",,"NEO","TFSA","CAD","19.95","0","0","2025-10-02 GMT+0200","21:34:00",,"Dividend","FIFO",,,
"401","BRKY.NE","Berkshire Hathaway (brk) Yield ",,"NEO","TFSA","CAD","19.95","0","0","2025-11-04 GMT+0200","22:33:00",,"Dividend","FIFO",,,
"402","BRKY.NE","Berkshire Hathaway (brk) Yield ",,"NEO","TFSA","CAD","22.61","0","0","2025-12-02 GMT+0200","22:30:00",,"Dividend","FIFO",,,
"403","BRKY.NE","Berkshire Hathaway (brk) Yield ",,"NEO","TFSA","CAD","22.61","0","0","2026-01-05 GMT+0200","22:26:00",,"Dividend","FIFO",,,
"404","BRKY.NE","Berkshire Hathaway (brk) Yield ",,"NEO","TFSA","CAD","22.61","0","0","2026-02-03 GMT+0200","22:26:00",,"Dividend","FIFO",,,
"405","BRKY.NE","Berkshire Hathaway (brk) Yield ",,"NEO","TFSA","CAD","133","25.07","9.95","2026-04-28 GMT+0200","20:08:00",,"Sell","FIFO",,,

"406","FNGB","Bank Of Montreal MicroSectors F",,"PCX","TFSA","USD",,,,,,,,,,,

"407","AVGO","Broadcom Inc.",,"NMS","TFSA","USD",,,,,,,,,,,
"408","AVGO","Broadcom Inc.",,"NMS","TFSA","USD","8","397.98","9.95","2026-04-29 GMT+0200","18:26:00",,"Buy",,,,

"409","BCE.TO","Bce Inc.",,"TOR","Investment","CAD",,,,,,,,,,,
"410","BCE.TO","Bce Inc.",,"TOR","Investment","CAD","15","65.75","9.95","2021-09-03 GMT+0200","21:23:00",,"Buy",,,,
"411","BCE.TO","Bce Inc.",,"TOR","Investment","CAD","13.13","0","0","2021-10-18 GMT+0200","16:08:00",,"Dividend","FIFO",,,
"412","BCE.TO","Bce Inc.",,"TOR","Investment","CAD","13.13","0","0","2022-01-17 GMT+0200","21:19:00",,"Dividend","FIFO",,,
"413","BCE.TO","Bce Inc.",,"TOR","Investment","CAD","13.8","0","0","2022-04-18 GMT+0200","15:46:00",,"Dividend","FIFO",,,
"414","BCE.TO","Bce Inc.",,"TOR","Investment","CAD","13.8","0","0","2022-07-15 GMT+0200","15:48:00",,"Dividend","FIFO",,,
"415","BCE.TO","Bce Inc.",,"TOR","Investment","CAD","13.8","0","0","2022-10-17 GMT+0200","06:58:00","0","Dividend","FIFO",,,
"416","BCE.TO","Bce Inc.",,"TOR","Investment","CAD","13.8","0","0","2023-01-16 GMT+0200","18:44:00","0","Dividend","FIFO",,,
"417","BCE.TO","Bce Inc.",,"TOR","Investment","CAD","14.51","0","0","2023-04-17 GMT+0200","23:17:00","0","Dividend","FIFO",,,
"418","BCE.TO","Bce Inc.",,"TOR","Investment","CAD","14.51","0","0","2023-07-17 GMT+0200","15:35:00","0","Dividend","FIFO",,,
"419","BCE.TO","Bce Inc.",,"TOR","Investment","CAD","14.51","0","0","2023-10-16 GMT+0200","21:51:00","0","Dividend","FIFO",,,
"420","BCE.TO","Bce Inc.",,"TOR","Investment","CAD","14.51","0","0","2024-01-15 GMT+0200","22:02:00","0","Dividend","FIFO",,,
"421","BCE.TO","Bce Inc.",,"TOR","Investment","CAD","14.96","0","0","2024-04-15 GMT+0200","21:43:00","0","Dividend","FIFO",,,
"422","BCE.TO","Bce Inc.",,"TOR","Investment","CAD","14.96","0","0","2024-07-15 GMT+0200","18:16:00","0","Dividend","FIFO",,,
"423","BCE.TO","Bce Inc.",,"TOR","Investment","CAD","0","46.83","9.95","2024-08-05 GMT+0200","22:43:00","0","Sell All","FIFO",,,

"424","GSY.TO","Goeasy Ltd",,"TOR","Investment","CAD",,,,,,,,,,,
"425","GSY.TO","Goeasy Ltd",,"TOR","Investment","CAD","5","201.43","9.95","2021-09-03 GMT+0200","21:23:00","0","Buy",,,,
"426","GSY.TO","Goeasy Ltd",,"TOR","Investment","CAD","3.3","0","0","2021-10-08 GMT+0200","22:21:00",,"Dividend","FIFO",,,
"427","GSY.TO","Goeasy Ltd",,"TOR","Investment","CAD","3.3","0","0","2022-01-14 GMT+0200","16:57:00",,"Dividend","FIFO",,,
"428","GSY.TO","Goeasy Ltd",,"TOR","Investment","CAD","4.55","0","0","2022-04-08 GMT+0200","15:45:00",,"Dividend","FIFO",,,
"429","GSY.TO","Goeasy Ltd",,"TOR","Investment","CAD","4.55","0","0","2022-07-08 GMT+0200","15:49:00",,"Dividend","FIFO",,,
"430","GSY.TO","Goeasy Ltd",,"TOR","Investment","CAD","4.55","0","0","2022-10-14 GMT+0200","06:59:00","0","Dividend","FIFO",,,
"431","GSY.TO","Goeasy Ltd",,"TOR","Investment","CAD","4.55","0","0","2023-01-13 GMT+0200","18:44:00","0","Dividend","FIFO",,,
"432","GSY.TO","Goeasy Ltd",,"TOR","Investment","CAD","4.8","0","0","2023-04-14 GMT+0200","23:17:00","0","Dividend","FIFO",,,
"433","GSY.TO","Goeasy Ltd",,"TOR","Investment","CAD","4.8","0","0","2023-07-14 GMT+0200","15:35:00","0","Dividend","FIFO",,,
"434","GSY.TO","Goeasy Ltd",,"TOR","Investment","CAD","4.8","0","0","2023-10-13 GMT+0200","21:50:00","0","Dividend","FIFO",,,
"435","GSY.TO","Goeasy Ltd",,"TOR","Investment","CAD","4.8","0","0","2024-01-12 GMT+0200","22:02:00","0","Dividend","FIFO",,,
"436","GSY.TO","Goeasy Ltd",,"TOR","Investment","CAD","5.85","0","0","2024-04-12 GMT+0200","21:44:00","0","Dividend","FIFO",,,
"437","GSY.TO","Goeasy Ltd",,"TOR","Investment","CAD","5.85","0","0","2024-07-12 GMT+0200","18:15:00","0","Dividend","FIFO",,,
"438","GSY.TO","Goeasy Ltd",,"TOR","Investment","CAD","0","189.57","9.95","2024-08-05 GMT+0200","22:43:00","0","Sell All","FIFO",,,

"439","SHOP.TO","Shopify Inc",,"TOR","Investment","CAD",,,,,,,,,,,
"440","SHOP.TO","Shopify Inc",,"TOR","Investment","CAD","1","1945.86","9.95","2021-09-03 GMT+0200","21:23:00",,"Buy",,,,
"441","SHOP.TO","Shopify Inc",,"TOR","Investment","CAD","1","909.15","9.95","2022-02-17 GMT+0200","16:57:00",,"Sell","FIFO",,,

"442","AMZN","Amazon.com, Inc.",,"NMS","Investment","USD",,,,,,,,,,,
"443","AMZN","Amazon.com, Inc.",,"NMS","Investment","USD","1","3468.88","9.95","2021-09-03 GMT+0200","21:24:00","1.25471","Buy",,,,
"444","AMZN","Amazon.com, Inc.",,"NMS","Investment","USD","20","1","0","2022-06-06 GMT+0200","22:50:00",,"Split",,,,
"445","AMZN","Amazon.com, Inc.",,"NMS","Investment","USD","0","164.295","9.95","2024-08-05 GMT+0200","22:43:00","1.38831","Sell All","FIFO",,,

"446","NKE","Nike, Inc.",,"NYQ","Investment","USD",,,,,,,,,,,
"447","NKE","Nike, Inc.",,"NYQ","Investment","USD","7","163.5099","9.95","2021-09-03 GMT+0200","21:24:00","1.25526","Buy",,,,
"448","NKE","Nike, Inc.",,"NYQ","Investment","USD","1.82","0","0","2021-12-29 GMT+0200","17:29:00","1.5","Dividend","FIFO",,,
"449","NKE","Nike, Inc.",,"NYQ","Investment","USD","1.82","0","0","2022-04-01 GMT+0200","15:45:00","1.46703","Dividend","FIFO",,,
"450","NKE","Nike, Inc.",,"NYQ","Investment","USD","1.82","0","0","2022-07-04 GMT+0200","15:49:00","1.46703","Dividend","FIFO",,,
"451","NKE","Nike, Inc.",,"NYQ","Investment","USD","1.82","0","0","2022-10-03 GMT+0200","06:59:00","1.51099","Dividend","FIFO",,,
"452","NKE","Nike, Inc.",,"NYQ","Investment","USD","2.03","0","0","2022-12-28 GMT+0200","18:45:00","1.44828","Dividend","FIFO",,,
"453","NKE","Nike, Inc.",,"NYQ","Investment","USD","2.03","0","0","2023-04-03 GMT+0200","16:16:00","1.58621","Dividend","FIFO",,,
"454","NKE","Nike, Inc.",,"NYQ","Investment","USD","2.03","0","0","2023-07-05 GMT+0200","18:36:00","1.58128","Dividend","FIFO",,,
"455","NKE","Nike, Inc.",,"NYQ","Investment","USD","2.03","0","0","2023-10-02 GMT+0200","21:50:00","1.55172","Dividend","FIFO",,,
"456","NKE","Nike, Inc.",,"NYQ","Investment","USD","2.21","0","0","2024-01-02 GMT+0200","17:58:00","1.46154","Dividend","FIFO",,,
"457","NKE","Nike, Inc.",,"NYQ","Investment","USD","2.21","0","0","2024-04-01 GMT+0200","16:32:00","1.58371","Dividend","FIFO",,,
"458","NKE","Nike, Inc.",,"NYQ","Investment","USD","2.21","0","0","2024-07-02 GMT+0200","18:14:00","1.60181","Dividend","FIFO",,,
"459","NKE","Nike, Inc.",,"NYQ","Investment","USD","7","72.85","9.95","2024-08-05 GMT+0200","22:41:00","1.3883","Sell","FIFO",,,

"460","LYV","Live Nation Entertainment, Inc.",,"NYQ","Investment","USD",,,,,,,,,,,
"461","LYV","Live Nation Entertainment, Inc.",,"NYQ","Investment","USD","11","85.8599","9.95","2021-09-03 GMT+0200","21:25:00","1.25526","Buy",,,,

"462","CAD=CASH","CAD",,,"Investment","CAD",,,,,,,,,,,
"463","CAD=CASH","CAD",,,"Investment","CAD","58.99","0","0","2026-03-03 GMT+0200","09:20:00",,"Buy",,,,

"464","USD=CASH","USD",,,"Investment","USD",,,,,,,,,,,
"465","USD=CASH","USD",,,"Investment","USD","57.39","0","0","2026-03-03 GMT+0200","08:25:00",,"Buy",,,,

"466","SQ","Block, Inc.",,"NYQ","Investment","USD",,,,,,,,,,,
"467","SQ","Block, Inc.",,"NYQ","Investment","USD","4","270.1172","9.95","2021-09-03 GMT+0200","21:37:00","1.25526","Buy",,,,
"468","SQ","Block, Inc.",,"NYQ","Investment","USD","4","108.6608","9.95","2022-02-17 GMT+0200","16:57:00","1.26962","Sell","FIFO",,,

"469","V","Visa Inc.",,"NYQ","Investment","USD",,,,,,,,,,,
"470","V","Visa Inc.",,"NYQ","Investment","USD","4","225.69","9.95","2021-09-03 GMT+0200","16:08:00","1.25526","Buy",,,,
"471","V","Visa Inc.",,"NYQ","Investment","USD","1.28","0","0","2021-12-07 GMT+0200","17:57:00",,"Dividend","FIFO",,,
"472","V","Visa Inc.",,"NYQ","Investment","USD","1.28","0","0","2022-03-01 GMT+0200","17:38:00",,"Dividend","FIFO",,,
"473","V","Visa Inc.",,"NYQ","Investment","USD","1.28","0","0","2022-06-01 GMT+0200","15:52:00",,"Dividend","FIFO",,,
"474","V","Visa Inc.",,"NYQ","Investment","USD","1.28","0","0","2022-09-01 GMT+0200","07:01:00","0","Dividend","FIFO",,,
"475","V","Visa Inc.",,"NYQ","Investment","USD","1.53","0","0","2022-12-02 GMT+0200","07:58:00","0","Dividend","FIFO",,,
"476","V","Visa Inc.",,"NYQ","Investment","USD","1.53","0","0","2023-03-02 GMT+0200","04:01:00","0","Dividend","FIFO",,,
"477","V","Visa Inc.",,"NYQ","Investment","USD","1.53","0","0","2023-06-01 GMT+0200","15:12:00","0","Dividend","FIFO",,,
"478","V","Visa Inc.",,"NYQ","Investment","USD","1.53","0","0","2023-09-01 GMT+0200","16:03:00","0","Dividend","FIFO",,,
"479","V","Visa Inc.",,"NYQ","Investment","USD","1.77","0","0","2023-12-05 GMT+0200","17:04:00","0","Dividend","FIFO",,,
"480","V","Visa Inc.",,"NYQ","Investment","USD","1.77","0","0","2024-03-01 GMT+0200","17:34:00","0","Dividend","FIFO",,,
"481","V","Visa Inc.",,"NYQ","Investment","USD","1.77","0","0","2024-06-03 GMT+0200","18:13:00","0","Dividend","FIFO",,,
"482","V","Visa Inc.",,"NYQ","Investment","USD","1.77","0","0","2024-09-03 GMT+0200","17:51:00","0","Dividend","FIFO",,,
"483","V","Visa Inc.",,"NYQ","Investment","USD","2.01","0","0","2024-12-02 GMT+0200","23:07:00","0","Dividend","FIFO",,,
"484","V","Visa Inc.",,"NYQ","Investment","USD","2.01","0","0","2025-03-03 GMT+0200","19:28:00","0","Dividend","FIFO",,,
"485","V","Visa Inc.",,"NYQ","Investment","USD","2.01","0","0","2025-06-02 GMT+0200","17:26:00","0","Dividend","FIFO",,,
"486","V","Visa Inc.",,"NYQ","Investment","USD","2.01","0","0","2025-10-02 GMT+0200","21:54:00",,"Dividend","FIFO",,,
"487","V","Visa Inc.",,"NYQ","Investment","USD","2.28","0","0","2025-12-01 GMT+0200","22:51:00",,"Dividend","FIFO",,,
"488","V","Visa Inc.",,"NYQ","Investment","USD","2.28","0","0","2026-03-02 GMT+0200","22:49:00",,"Dividend","FIFO",,,

"489","EXPE","Expedia Group, Inc.",,"NMS","Investment","USD",,,,,,,,,,,
"490","EXPE","Expedia Group, Inc.",,"NMS","Investment","USD","7","144.84","9.95","2021-09-07 GMT+0200","16:34:00","1.253","Buy",,,,
"491","EXPE","Expedia Group, Inc.",,"NMS","Investment","USD","0","115.7801","9.95","2024-08-05 GMT+0200","22:44:00","1.38831","Sell All","FIFO",,,

"492","GOLD","Gold.com, Inc.",,"NYQ","Investment","USD",,,,,,,,,,,
"493","GOLD","Gold.com, Inc.",,"NYQ","Investment","USD","52","23.22","9.95","2022-02-24 GMT+0200","17:29:00","1.27327","Buy",,,,
"494","GOLD","Gold.com, Inc.",,"NYQ","Investment","USD","5.2","0","0","2022-03-15 GMT+0200","16:58:00",,"Dividend","FIFO",,,
"495","GOLD","Gold.com, Inc.",,"NYQ","Investment","USD","10.4","0","0","2022-06-15 GMT+0200","15:50:00","0","Dividend","FIFO",,,
"496","GOLD","Gold.com, Inc.",,"NYQ","Investment","USD","10.4","0","0","2022-09-15 GMT+0200","07:00:00","0","Dividend","FIFO",,,
"497","GOLD","Gold.com, Inc.",,"NYQ","Investment","USD","7.8","0","0","2022-12-15 GMT+0200","18:09:00","0","Dividend","FIFO",,,
"498","GOLD","Gold.com, Inc.",,"NYQ","Investment","USD","5.2","0","0","2023-03-15 GMT+0200","16:32:00","0","Dividend","FIFO",,,
"499","GOLD","Gold.com, Inc.",,"NYQ","Investment","USD","5.2","0","0","2023-06-15 GMT+0200","17:01:00","0","Dividend","FIFO",,,
"500","GOLD","Gold.com, Inc.",,"NYQ","Investment","USD","5.2","0","0","2023-09-15 GMT+0200","21:51:00","0","Dividend","FIFO",,,
"501","GOLD","Gold.com, Inc.",,"NYQ","Investment","USD","5.2","0","0","2023-12-15 GMT+0200","19:56:00","0","Dividend","FIFO",,,
"502","GOLD","Gold.com, Inc.",,"NYQ","Investment","USD","5.2","0","0","2024-03-15 GMT+0200","16:33:00","0","Dividend","FIFO",,,
"503","GOLD","Gold.com, Inc.",,"NYQ","Investment","USD","5.2","0","0","2024-06-17 GMT+0200","18:13:00","0","Dividend","FIFO",,,
"504","GOLD","Gold.com, Inc.",,"NYQ","Investment","USD","52","17.57","9.95","2024-08-05 GMT+0200","22:42:00","1.38831","Sell All","FIFO",,,

"505","MSTR","Strategy Inc",,"NMS","Investment","USD",,,,,,,,,,,
"506","MSTR","Strategy Inc",,"NMS","Investment","USD","4","322.4","9.95","2025-02-13 GMT+0200","21:41:00","1.43007","Buy",,,,

"507","IBKR","Interactive Brokers Group, Inc.",,"NMS","Investment","USD",,,,,,,,,,,
"508","IBKR","Interactive Brokers Group, Inc.",,"NMS","Investment","USD","10","232.18","9.95","2025-02-13 GMT+0200","21:42:00","1.43007","Buy",,,,
"509","IBKR","Interactive Brokers Group, Inc.",,"NMS","Investment","USD","2.13","0","0","2025-03-29 GMT+0200","18:27:00","0","Dividend","FIFO",,,
"510","IBKR","Interactive Brokers Group, Inc.",,"NMS","Investment","USD","2.72","0","0","2025-06-13 GMT+0200","17:25:00","0","Dividend","FIFO",,,
"511","IBKR","Interactive Brokers Group, Inc.",,"NMS","Investment","USD","4","1","0","2025-06-18 GMT+0200","17:09:00","0","Split",,,,
"512","IBKR","Interactive Brokers Group, Inc.",,"NMS","Investment","USD","2.24","0","0","2025-09-12 GMT+0200","21:53:00",,"Dividend","FIFO",,,
"513","IBKR","Interactive Brokers Group, Inc.",,"NMS","Investment","USD","2.72","0","0","2026-12-12 GMT+0200","22:50:00",,"Dividend","FIFO",,,

"514","GBTC","Grayscale Bitcoin Trust (BTC)",,"PCX","Investment","USD",,,,,,,,,,,
"515","GBTC","Grayscale Bitcoin Trust (BTC)",,"PCX","Investment","USD","25","75.74","9.95","2025-02-13 GMT+0200","21:44:00","1.43007","Buy",,,,

"516","BYDDF","Byd Co., Ltd.",,"PNK","Investment","USD",,,,,,,,,,,
"517","BYDDF","Byd Co., Ltd.",,"PNK","Investment","USD","1","44.05","9.95","2025-02-13 GMT+0200","21:48:00","1.43","Buy",,,,
"518","BYDDF","Byd Co., Ltd.",,"PNK","Investment","USD","3","1","0","2025-06-13 GMT+0200","15:33:00","0","Split",,,,

"519","SPXL","Direxion Daily S&P 500 Bull 3X ",,"PCX","Investment","USD",,,,,,,,,,,
"520","SPXL","Direxion Daily S&P 500 Bull 3X ",,"PCX","Investment","USD","57","120.21","9.95","2025-04-30 GMT+0200","16:01:00","0","Buy",,,,
"521","SPXL","Direxion Daily S&P 500 Bull 3X ",,"PCX","Investment","USD","18","160.02","9.95","2025-06-13 GMT+0200","18:08:00","0","Buy",,,,
"522","SPXL","Direxion Daily S&P 500 Bull 3X ",,"PCX","Investment","USD","36.54","0","0","2025-07-02 GMT+0200","21:55:00",,"Dividend","FIFO",,,
"523","SPXL","Direxion Daily S&P 500 Bull 3X ",,"PCX","Investment","USD","11.7","0","0","2025-10-30 GMT+0200","22:52:00",,"Dividend","FIFO",,,
"524","SPXL","Direxion Daily S&P 500 Bull 3X ",,"PCX","Investment","USD","11.7","0","0","2025-12-31 GMT+0200","22:50:00",,"Dividend","FIFO",,,

"525","FNGU","MicroSectors FANG+ 3X Leveraged",,"PCX","Investment","USD",,,,,,,,,,,
"526","FNGU","MicroSectors FANG+ 3X Leveraged",,"PCX","Investment","USD","244","23.42","9.95","2025-08-01 GMT+0200","21:23:00","0","Buy",,,,
"527","FNGU","MicroSectors FANG+ 3X Leveraged",,"PCX","Investment","USD","421","17.82","9.95","2026-03-23 GMT+0200","19:51:00",,"Buy",,,,

"528","TSM","Taiwan Semiconductor Manufactur",,"NYQ","Investment","USD",,,,,,,,,,,
"529","TSM","Taiwan Semiconductor Manufactur",,"NYQ","Investment","USD","9","298.74","9.95","2025-10-16 GMT+0200","21:13:00","0","Buy",,,,
"530","TSM","Taiwan Semiconductor Manufactur",,"NYQ","Investment","USD","5.66","0","0","2026-01-08 GMT+0200","22:50:00",,"Dividend","FIFO",,,

"531","RY.TO","Royal Bank Of Canada",,"TOR","Investment","CAD",,,,,,,,,,,
"532","RY.TO","Royal Bank Of Canada",,"TOR","Investment","CAD","19","204.5","9.95","2025-10-16 GMT+0200","21:14:00","0","Buy",,,,
"533","RY.TO","Royal Bank Of Canada",,"TOR","Investment","CAD","24.88","0","0","2025-11-24 GMT+0200","22:51:00",,"Dividend","FIFO",,,
"534","RY.TO","Royal Bank Of Canada",,"TOR","Investment","CAD","26.49","0","0","2026-02-24 GMT+0200","22:49:00",,"Dividend","FIFO",,,

"535","TXF.TO","Ci Tech Giants Covered Call Etf",,"TOR","Investment","CAD",,,,,,,,,,,
"536","TXF.TO","Ci Tech Giants Covered Call Etf",,"TOR","Investment","CAD","221","22.38","9.95","2026-03-05 GMT+0200","16:31:00",,"Buy",,,,

"537","CM.TO","Canadian Imperial Bank Of Comme",,"TOR","Investment","CAD",,,,,,,,,,,
"538","CM.TO","Canadian Imperial Bank Of Comme",,"TOR","Investment","CAD","50","133.29","9.95","2026-04-01 GMT+0200","20:41:00",,"Buy",,,,

"539","FNGU","MicroSectors FANG+ 3X Leveraged",,"PCX","FHSA","USD",,,,,,,,,,,
"540","FNGU","MicroSectors FANG+ 3X Leveraged",,"PCX","FHSA","USD","457","19.27","9.95","2025-05-16 GMT+0200","16:16:00","0","Buy",,,,
"541","FNGU","MicroSectors FANG+ 3X Leveraged",,"PCX","FHSA","USD","300","27.3","9.95","2026-05-06 GMT+0200","18:13:00",,"Sell","FIFO",,,

"542","USD=CASH","USD",,,"FHSA","USD",,,,,,,,,,,
"543","USD=CASH","USD",,,"FHSA","USD","0.0001","0","0","2026-03-03 GMT+0200","16:22:00",,"Buy",,,,

"544","SPXL","Direxion Daily S&P 500 Bull 3X ",,"PCX","FHSA","USD",,,,,,,,,,,
"545","SPXL","Direxion Daily S&P 500 Bull 3X ",,"PCX","FHSA","USD","19","80.56","9.95","2023-10-17 GMT+0200","15:30:00","1.36144","Buy",,,,
"546","SPXL","Direxion Daily S&P 500 Bull 3X ",,"PCX","FHSA","USD","16","91.425","9.95","2023-11-30 GMT+0200","16:41:00","1.35902","Buy",,,,
"547","SPXL","Direxion Daily S&P 500 Bull 3X ",,"PCX","FHSA","USD","9.04","0","0","2023-12-29 GMT+0200","17:54:00","1.5719","Dividend","FIFO",,,
"548","SPXL","Direxion Daily S&P 500 Bull 3X ",,"PCX","FHSA","USD","18","119.74","9.95","2024-02-16 GMT+0200","18:29:00","1.34653","Buy",,,,
"549","SPXL","Direxion Daily S&P 500 Bull 3X ",,"PCX","FHSA","USD","17.79","0","0","2024-03-26 GMT+0200","16:31:00","1.59303","Dividend","FIFO",,,
"550","SPXL","Direxion Daily S&P 500 Bull 3X ",,"PCX","FHSA","USD","15.18","0","0","2024-07-03 GMT+0200","03:46:00","1.60672","Dividend","FIFO",,,
"551","SPXL","Direxion Daily S&P 500 Bull 3X ",,"PCX","FHSA","USD","8.67","0","0","2024-10-01 GMT+0200","20:48:00","1.59631","Dividend","FIFO",,,
"552","SPXL","Direxion Daily S&P 500 Bull 3X ",,"PCX","FHSA","USD","14.45","0","0","2024-12-31 GMT+0200","16:38:00","1.69066","Dividend","FIFO",,,
"553","SPXL","Direxion Daily S&P 500 Bull 3X ",,"PCX","FHSA","USD","22.24","0","0","2025-04-01 GMT+0200","20:04:00","0","Dividend","FIFO",,,
"554","SPXL","Direxion Daily S&P 500 Bull 3X ",,"PCX","FHSA","USD","25.82","0","0","2025-07-02 GMT+0200","22:00:00",,"Dividend","FIFO",,,
"555","SPXL","Direxion Daily S&P 500 Bull 3X ",,"PCX","FHSA","USD","7.75","0","0","2025-12-31 GMT+0200","22:58:00",,"Dividend","FIFO",,,

"556","CAD=CASH","CAD",,,"FHSA","CAD",,,,,,,,,,,
"557","CAD=CASH","CAD",,,"FHSA","CAD","24.34","0","0","2026-03-03 GMT+0200","18:07:00",,"Buy",,,,

"558","ENB.TO","Enbridge Inc",,"TOR","FHSA","CAD",,,,,,,,,,,
"559","ENB.TO","Enbridge Inc",,"TOR","FHSA","CAD","42","47.17","9.95","2023-11-30 GMT+0200","16:43:00","0","Buy",,,,
"560","ENB.TO","Enbridge Inc",,"TOR","FHSA","CAD","38.43","0","0","2024-03-01 GMT+0200","21:27:00","0","Dividend","FIFO",,,
"561","ENB.TO","Enbridge Inc",,"TOR","FHSA","CAD","38.43","0","0","2024-06-04 GMT+0200","03:47:00","0","Dividend","FIFO",,,
"562","ENB.TO","Enbridge Inc",,"TOR","FHSA","CAD","38.43","0","0","2024-09-03 GMT+0200","20:49:00","0","Dividend","FIFO",,,
"563","ENB.TO","Enbridge Inc",,"TOR","FHSA","CAD","38.43","0","0","2024-12-02 GMT+0200","23:07:00","0","Dividend","FIFO",,,
"564","ENB.TO","Enbridge Inc",,"TOR","FHSA","CAD","40","62.47","9.95","2025-01-10 GMT+0200","18:56:00","0","Buy",,,,
"565","ENB.TO","Enbridge Inc",,"TOR","FHSA","CAD","77.29","0","0","2025-03-03 GMT+0200","19:31:00","0","Dividend","FIFO",,,
"566","ENB.TO","Enbridge Inc",,"TOR","FHSA","CAD","77.29","0","0","2025-06-02 GMT+0200","17:28:00","0","Dividend","FIFO",,,
"567","ENB.TO","Enbridge Inc",,"TOR","FHSA","CAD","77.29","0","0","2025-09-02 GMT+0200","21:59:00",,"Dividend","FIFO",,,
"568","ENB.TO","Enbridge Inc",,"TOR","FHSA","CAD","77.29","0","0","2025-12-01 GMT+0200","22:58:00",,"Dividend","FIFO",,,
"569","ENB.TO","Enbridge Inc",,"TOR","FHSA","CAD","79.54","0","0","2026-03-02 GMT+0200","22:57:00",,"Dividend","FIFO",,,

"570","UDOW","ProShares UltraPro Dow30",,"PCX","FHSA","USD",,,,,,,,,,,
"571","UDOW","ProShares UltraPro Dow30",,"PCX","FHSA","USD","43","90.22","9.95","2025-01-10 GMT+0200","18:57:00","1.44016","Buy",,,,
"572","UDOW","ProShares UltraPro Dow30",,"PCX","FHSA","USD","11.6","0","0","2025-04-01 GMT+0200","20:04:00","0","Dividend","FIFO",,,
"573","UDOW","ProShares UltraPro Dow30",,"PCX","FHSA","USD","15.92","0","0","2025-07-02 GMT+0200","22:00:00",,"Dividend","FIFO",,,
"574","UDOW","ProShares UltraPro Dow30",,"PCX","FHSA","USD","13.62","0","0","2025-09-30 GMT+0200","21:59:00",,"Dividend","FIFO",,,
"575","UDOW","ProShares UltraPro Dow30",,"PCX","FHSA","USD","2","1","0","2025-11-20 GMT+0200","11:43:00","0","Split",,,,
"576","UDOW","ProShares UltraPro Dow30",,"PCX","FHSA","USD","14.27","0","0","2025-12-31 GMT+0200","22:58:00",,"Dividend","FIFO",,,

"577","FNGA","MicroSectors FANG Index 3X Lev",,"PCX","FHSA","USD",,,,,,,,,,,
"578","FNGA","MicroSectors FANG Index 3X Lev",,"PCX","FHSA","USD","3","189.2883","9.95","2023-07-07 GMT+0200","19:17:00","1.33654","Buy",,,,
"579","FNGA","MicroSectors FANG Index 3X Lev",,"PCX","FHSA","USD","3","233.4799","9.95","2023-12-29 GMT+0200","20:19:00","1.32296","Buy",,,,
"580","FNGA","MicroSectors FANG Index 3X Lev",,"PCX","FHSA","USD","7","206.94","9.95","2024-01-04 GMT+0200","20:20:00","1.33477","Buy",,,,
"581","FNGA","MicroSectors FANG Index 3X Lev",,"PCX","FHSA","USD","7","324.92","9.95","2024-02-16 GMT+0200","20:21:00","1.34653","Buy",,,,
"582","FNGA","MicroSectors FANG Index 3X Lev",,"PCX","FHSA","USD","0","439.126","0","2025-05-16 GMT+0200","16:25:00","0","Sell All","FIFO",,,

"583","FNGB","Bank Of Montreal MicroSectors F",,"PCX","FHSA","USD",,,,,,,,,,,

"584","TXF.TO","Ci Tech Giants Covered Call Etf",,"TOR","FHSA","CAD",,,,,,,,,,,
"585","TXF.TO","Ci Tech Giants Covered Call Etf",,"TOR","FHSA","CAD","434","26.27","9.95","2026-05-07 GMT+0200","18:44:00",,"Buy",,,,

"586","CAD=CASH","CAD",,,"RRSP","CAD",,,,,,,,,,,
"587","CAD=CASH","CAD",,,"RRSP","CAD","0.001","0","0","2026-03-03 GMT+0200","18:49:00",,"Buy",,,,

"588","PLTR","Palantir Technologies Inc.",,"NMS","RRSP","USD",,,,,,,,,,,
"589","PLTR","Palantir Technologies Inc.",,"NMS","RRSP","USD","47","42.69","9.95","2024-10-21 GMT+0200","21:32:00","1.37996","Buy",,,,
"590","PLTR","Palantir Technologies Inc.",,"NMS","RRSP","USD","47","105.44","9.95","2025-02-20 GMT+0200","16:37:00","0","Sell All","FIFO",,,

"591","TXF.TO","Ci Tech Giants Covered Call Etf",,"TOR","RRSP","CAD",,,,,,,,,,,
"592","TXF.TO","Ci Tech Giants Covered Call Etf",,"TOR","RRSP","CAD","284","21.74","9.95","2024-10-21 GMT+0200","21:32:00","0","Buy",,,,
"593","TXF.TO","Ci Tech Giants Covered Call Etf",,"TOR","RRSP","CAD","158.47","0","0","2024-12-31 GMT+0200","16:40:00","0","Dividend","FIFO",,,
"594","TXF.TO","Ci Tech Giants Covered Call Etf",,"TOR","RRSP","CAD","174.52","0","0","2025-03-29 GMT+0200","18:33:00","0","Dividend","FIFO",,,
"595","TXF.TO","Ci Tech Giants Covered Call Etf",,"TOR","RRSP","CAD","127.8","0","0","2025-04-17 GMT+0200","17:30:00","0","Dividend","FIFO",,,
"596","TXF.TO","Ci Tech Giants Covered Call Etf",,"TOR","RRSP","CAD","161","0","0","2025-06-30 GMT+0200","22:05:00",,"Dividend","FIFO",,,
"597","TXF.TO","Ci Tech Giants Covered Call Etf",,"TOR","RRSP","CAD","147.88","0","0","2025-09-30 GMT+0200","22:03:00",,"Dividend","FIFO",,,
"598","TXF.TO","Ci Tech Giants Covered Call Etf",,"TOR","RRSP","CAD","214.96","0","0","2025-12-31 GMT+0200","23:03:00",,"Dividend","FIFO",,,

"599","SOUN","SoundHound AI, Inc.",,"NGM","RRSP","USD",,,,,,,,,,,
"600","SOUN","SoundHound AI, Inc.",,"NGM","RRSP","USD","276","10.89","9.95","2025-02-20 GMT+0200","18:34:00","0","Buy",,,,
"601","SOUN","SoundHound AI, Inc.",,"NGM","RRSP","USD","276","8.03","9.95","2026-04-28 GMT+0200","20:09:00",,"Sell","FIFO",,,

"602","UDOW","ProShares UltraPro Dow30",,"PCX","RRSP","USD",,,,,,,,,,,
"603","UDOW","ProShares UltraPro Dow30",,"PCX","RRSP","USD","18","103.01","9.95","2025-02-20 GMT+0200","18:34:00","0","Buy",,,,
"604","UDOW","ProShares UltraPro Dow30",,"PCX","RRSP","USD","5.71","0","0","2025-04-01 GMT+0200","20:05:00","0","Dividend","FIFO",,,
"605","UDOW","ProShares UltraPro Dow30",,"PCX","RRSP","USD","7.84","0","0","2025-07-02 GMT+0200","22:05:00",,"Dividend","FIFO",,,
"606","UDOW","ProShares UltraPro Dow30",,"PCX","RRSP","USD","8.14","0","0","2025-09-30 GMT+0200","22:04:00",,"Dividend","FIFO",,,
"607","UDOW","ProShares UltraPro Dow30",,"PCX","RRSP","USD","2","1","0","2025-11-20 GMT+0200","20:15:00","0","Split",,,,
"608","UDOW","ProShares UltraPro Dow30",,"PCX","RRSP","USD","7.09","0","0","2025-12-31 GMT+0200","23:04:00",,"Dividend","FIFO",,,

"609","USD=CASH","USD",,,"RRSP","USD",,,,,,,,,,,
"610","USD=CASH","USD",,,"RRSP","USD","7685.47","0","0","2026-03-03 GMT+0200","19:35:00",,"Buy",,,,

"611","FNGA","MicroSectors FANG Index 3X Lev",,"PCX","RRSP","USD",,,,,,,,,,,
"612","FNGA","MicroSectors FANG Index 3X Lev",,"PCX","RRSP","USD","14","363.88","9.95","2025-04-30 GMT+0200","16:02:00","0","Buy",,,,
"613","FNGA","MicroSectors FANG Index 3X Lev",,"PCX","RRSP","USD","0","434.126","0","2025-05-16 GMT+0200","16:28:00","0","Sell All","FIFO",,,

"614","FNGB","Bank Of Montreal MicroSectors F",,"PCX","RRSP","USD",,,,,,,,,,,

"615","FNGU","MicroSectors FANG+ 3X Leveraged",,"PCX","RRSP","USD",,,,,,,,,,,
"616","FNGU","MicroSectors FANG+ 3X Leveraged",,"PCX","RRSP","USD","326","19.26","9.95","2025-05-16 GMT+0200","16:22:00","0","Buy",,,,
"617","FNGU","MicroSectors FANG+ 3X Leveraged",,"PCX","RRSP","USD","270","27.16","9.95","2026-05-06 GMT+0200","18:06:00",,"Sell","FIFO",,,

"618","TSM","Taiwan Semiconductor Manufactur",,"NYQ","RRSP","USD",,,,,,,,,,,
"619","TSM","Taiwan Semiconductor Manufactur",,"NYQ","RRSP","USD","6","391.46","9.95","2026-04-28 GMT+0200","20:11:00",,"Buy",,,,

"620","BTC-CAD","Bitcoin",,"CryptoCompare","Crypto","CAD",,,,,,,,,,,
"621","BTC-CAD","Bitcoin",,"CryptoCompare","Crypto","CAD","0.000448","55774.78","0","2022-01-05 GMT+0200","17:35:00","0","Buy",,,,
"622","BTC-CAD","Bitcoin",,"CryptoCompare","Crypto","CAD","0.000452","55354.26","0","2022-01-06 GMT+0200","21:39:00","0","Buy",,,,

"623","ETH-CAD","Ethereum",,"CryptoCompare","Crypto","CAD",,,,,,,,,,,
"624","ETH-CAD","Ethereum",,"CryptoCompare","Crypto","CAD","0.005532","4519.52","0","2022-01-05 GMT+0200","21:41:00","0","Buy",,,,
"625","ETH-CAD","Ethereum",,"CryptoCompare","Crypto","CAD","0.005684","4397.64","0","2022-01-06 GMT+0200","21:42:00","0","Buy",,,,
"626","ETH-CAD","Ethereum",,"CryptoCompare","Crypto","CAD","0.00685","4379.4","0","2022-01-06 GMT+0200","21:43:00","0","Buy",,,,
"627","ETH-CAD","Ethereum",,"CryptoCompare","Crypto","CAD","0.007668","3912.41","0","2022-02-05 GMT+0200","21:43:00","0","Buy",,,,